{"v":"5.5.5","fr":30,"ip":0,"op":61,"w":1098,"h":811,"nm":"Lost","ddd":0,"assets":[],"layers":[{"ddd":0,"ind":1,"ty":4,"nm":"Lager 2 Outlines","sr":1,"ks":{"o":{"a":0,"k":100,"ix":11},"r":{"a":1,"k":[{"i":{"x":[0.833],"y":[0.833]},"o":{"x":[0.167],"y":[0.167]},"t":0,"s":[0]},{"i":{"x":[0.833],"y":[0.833]},"o":{"x":[0.167],"y":[0.167]},"t":30,"s":[5]},{"t":60,"s":[0]}],"ix":10},"p":{"a":0,"k":[346.127,681.695,0],"ix":2},"a":{"a":0,"k":[346.127,681.695,0],"ix":1},"s":{"a":0,"k":[100,100,100],"ix":6}},"ao":0,"shapes":[{"ty":"gr","it":[{"ind":0,"ty":"sh","ix":1,"ks":{"a":0,"k":{"i":[[-25.004,-45.122],[25.004,-6.863999999999997]],"o":[[-25.004,-45.122],[23.596,45.122]],"v":[[-25.004,-45.122],[23.596,45.122]],"c":false},"ix":2},"nm":"Path 1","mn":"ADBE Vector Shape - Group","hd":false,"_render":true},{"ty":"st","c":{"a":0,"k":[0.378,0.3435,0.322,1],"ix":3},"o":{"a":0,"k":100,"ix":4},"w":{"a":0,"k":1,"ix":5},"lc":1,"lj":1,"ml":10,"bm":0,"nm":"Stroke 1","mn":"ADBE Vector Graphic - Stroke","hd":false,"_render":true},{"ty":"tr","p":{"a":0,"k":[312.692,636.573],"ix":2},"a":{"a":0,"k":[0,0],"ix":1},"s":{"a":0,"k":[100,100],"ix":3},"r":{"a":0,"k":0,"ix":6},"o":{"a":0,"k":100,"ix":7},"sk":{"a":0,"k":0,"ix":4},"sa":{"a":0,"k":0,"ix":5},"nm":"Transform","_render":true}],"nm":"Group 1","np":2,"cix":2,"bm":0,"ix":1,"mn":"ADBE Vector Group","hd":false,"_render":true},{"ty":"gr","it":[{"ind":0,"ty":"sh","ix":1,"ks":{"a":0,"k":{"i":[[-7.275,-40.103],[-65.72399999999999,-4.851999999999997],[65.724,5.336000000000002],[9.235,-49.397999999999996]],"o":[[-7.275,-40.103],[41.998,49.398],[28.952,-45.078],[-6.402,-40.638]],"v":[[-7.275,-40.103],[41.998,49.398],[39.493,-30.581],[-6.402,-40.638]],"c":true},"ix":2},"nm":"Path 1","mn":"ADBE Vector Shape - Group","hd":false,"_render":true},{"ty":"fl","c":{"a":0,"k":[0.6863,0.0784,0,1],"ix":4},"o":{"a":0,"k":100,"ix":5},"r":1,"bm":0,"nm":"Fill 1","mn":"ADBE Vector Graphic - Fill","hd":false,"_render":true},{"ty":"tr","p":{"a":0,"k":[294.289,632.297],"ix":2},"a":{"a":0,"k":[0,0],"ix":1},"s":{"a":0,"k":[100,100],"ix":3},"r":{"a":0,"k":0,"ix":6},"o":{"a":0,"k":100,"ix":7},"sk":{"a":0,"k":0,"ix":4},"sa":{"a":0,"k":0,"ix":5},"nm":"Transform","_render":true}],"nm":"Group 2","np":4,"cix":2,"bm":0,"ix":2,"mn":"ADBE Vector Group","hd":false,"_render":true}],"ip":0,"op":150,"st":0,"bm":0,"completed":true},{"ddd":0,"ind":2,"ty":4,"nm":"Lager 4 Outlines","sr":1,"ks":{"o":{"a":0,"k":100,"ix":11},"r":{"a":0,"k":0,"ix":10},"p":{"a":0,"k":[548.665,405.31,0],"ix":2},"a":{"a":0,"k":[548.665,405.31,0],"ix":1},"s":{"a":0,"k":[100,100,100],"ix":6}},"ao":0,"shapes":[{"ty":"gr","it":[{"ind":0,"ty":"sh","ix":1,"ks":{"a":0,"k":{"i":[[-12.049,10.266],[20.04,16.841],[10.484,-7.350999999999999],[-10.201,-16.094],[-19.294,4.304000000000001],[-12.545,9.943]],"o":[[-5.922999999999999,14.792],[20.04,16.841],[-1.4810000000000008,-16.841],[-20.04,-4.417000000000001],[-13.011999999999999,9.597000000000001],[-12.058,10.258]],"v":[[-12.049,10.266],[20.04,16.841],[4.358,-11.921],[-15.121,-10.255],[-13.456,9.223],[-12.058,10.258]],"c":true},"ix":2},"nm":"Path 1","mn":"ADBE Vector Shape - Group","hd":false,"_render":true},{"ty":"fl","c":{"a":0,"k":[0.6863,0.0784,0,1],"ix":4},"o":{"a":0,"k":100,"ix":5},"r":1,"bm":0,"nm":"Fill 1","mn":"ADBE Vector Graphic - Fill","hd":false,"_render":true},{"ty":"tr","p":{"a":0,"k":[783.197,640.218],"ix":2},"a":{"a":0,"k":[0,0],"ix":1},"s":{"a":0,"k":[100,100],"ix":3},"r":{"a":0,"k":0,"ix":6},"o":{"a":0,"k":100,"ix":7},"sk":{"a":0,"k":0,"ix":4},"sa":{"a":0,"k":0,"ix":5},"nm":"Transform","_render":true}],"nm":"Group 1","np":4,"cix":2,"bm":0,"ix":1,"mn":"ADBE Vector Group","hd":false,"_render":true},{"ty":"gr","it":[{"ind":0,"ty":"sh","ix":1,"ks":{"a":0,"k":{"i":[[-12.161,12.08],[20.576,13.143],[7.036,-9.122],[-14.880999999999998,-12.259],[-18.136,8.558]],"o":[[-5.361,15.536],[20.576,13.143],[-6.766,-15.536],[-20.575999999999997,1.1529999999999996],[-12.161,12.081]],"v":[[-12.161,12.08],[20.576,13.143],[0.263,-12.552],[-17.865,-5.232],[-12.161,12.081]],"c":true},"ix":2},"nm":"Path 1","mn":"ADBE Vector Shape - Group","hd":false,"_render":true},{"ty":"fl","c":{"a":0,"k":[0.6863,0.0784,0,1],"ix":4},"o":{"a":0,"k":100,"ix":5},"r":1,"bm":0,"nm":"Fill 1","mn":"ADBE Vector Graphic - Fill","hd":false,"_render":true},{"ty":"tr","p":{"a":0,"k":[788.839,574.459],"ix":2},"a":{"a":0,"k":[0,0],"ix":1},"s":{"a":0,"k":[100,100],"ix":3},"r":{"a":0,"k":0,"ix":6},"o":{"a":0,"k":100,"ix":7},"sk":{"a":0,"k":0,"ix":4},"sa":{"a":0,"k":0,"ix":5},"nm":"Transform","_render":true}],"nm":"Group 2","np":4,"cix":2,"bm":0,"ix":2,"mn":"ADBE Vector Group","hd":false,"_render":true},{"ty":"gr","it":[{"ind":0,"ty":"sh","ix":1,"ks":{"a":0,"k":{"i":[[-17.723,1.814],[17.835,17.769],[11.597999999999999,-7.52],[-8.404,-17.061999999999998]],"o":[[-7.627,12.265],[17.835,17.769],[0.31899999999999995,-17.769],[-17.835,-5.967999999999999]],"v":[[-13.087,6.96],[17.835,17.769],[6.137,-12.825],[-13.35,-11.245]],"c":true},"ix":2},"nm":"Path 1","mn":"ADBE Vector Shape - Group","hd":false,"_render":true},{"ty":"fl","c":{"a":0,"k":[0.6863,0.0784,0,1],"ix":4},"o":{"a":0,"k":100,"ix":5},"r":1,"bm":0,"nm":"Fill 1","mn":"ADBE Vector Graphic - Fill","hd":false,"_render":true},{"ty":"tr","p":{"a":0,"k":[804.211,515.773],"ix":2},"a":{"a":0,"k":[0,0],"ix":1},"s":{"a":0,"k":[100,100],"ix":3},"r":{"a":0,"k":0,"ix":6},"o":{"a":0,"k":100,"ix":7},"sk":{"a":0,"k":0,"ix":4},"sa":{"a":0,"k":0,"ix":5},"nm":"Transform","_render":true}],"nm":"Group 3","np":4,"cix":2,"bm":0,"ix":3,"mn":"ADBE Vector Group","hd":false,"_render":true},{"ty":"gr","it":[{"ind":0,"ty":"sh","ix":1,"ks":{"a":0,"k":{"i":[[12.799,9.88],[-19.29,16.455],[-9.734,-7.737],[11.361,-14.620000000000001],[18.133,5.384]],"o":[[6.672999999999999,14.407],[-19.29,16.455],[2.802,-16.455],[19.29,-2.3630000000000004],[12.808,9.871]],"v":[[12.799,9.88],[-19.29,16.455],[-3.608,-12.307],[15.507,-8.21],[12.808,9.871]],"c":true},"ix":2},"nm":"Path 1","mn":"ADBE Vector Shape - Group","hd":false,"_render":true},{"ty":"fl","c":{"a":0,"k":[0.6863,0.0784,0,1],"ix":4},"o":{"a":0,"k":100,"ix":5},"r":1,"bm":0,"nm":"Fill 1","mn":"ADBE Vector Graphic - Fill","hd":false,"_render":true},{"ty":"tr","p":{"a":0,"k":[820.98,620.447],"ix":2},"a":{"a":0,"k":[0,0],"ix":1},"s":{"a":0,"k":[100,100],"ix":3},"r":{"a":0,"k":0,"ix":6},"o":{"a":0,"k":100,"ix":7},"sk":{"a":0,"k":0,"ix":4},"sa":{"a":0,"k":0,"ix":5},"nm":"Transform","_render":true}],"nm":"Group 4","np":4,"cix":2,"bm":0,"ix":4,"mn":"ADBE Vector Group","hd":false,"_render":true},{"ty":"gr","it":[{"ind":0,"ty":"sh","ix":1,"ks":{"a":0,"k":{"i":[[18.125999999999998,8.549999999999999],[-20.559,13.134],[-7.047,-9.129999999999999],[14.903999999999998,-12.231]],"o":[[5.377,15.527999999999999],[-20.559,13.134],[6.796,-15.528],[20.558999999999997,1.1740000000000004]],"v":[[12.177,12.072],[-20.559,13.134],[-0.239,-12.561],[17.871,-5.197]],"c":true},"ix":2},"nm":"Path 1","mn":"ADBE Vector Shape - Group","hd":false,"_render":true},{"ty":"fl","c":{"a":0,"k":[0.6863,0.0784,0,1],"ix":4},"o":{"a":0,"k":100,"ix":5},"r":1,"bm":0,"nm":"Fill 1","mn":"ADBE Vector Graphic - Fill","hd":false,"_render":true},{"ty":"tr","p":{"a":0,"k":[834.675,563.858],"ix":2},"a":{"a":0,"k":[0,0],"ix":1},"s":{"a":0,"k":[100,100],"ix":3},"r":{"a":0,"k":0,"ix":6},"o":{"a":0,"k":100,"ix":7},"sk":{"a":0,"k":0,"ix":4},"sa":{"a":0,"k":0,"ix":5},"nm":"Transform","_render":true}],"nm":"Group 5","np":4,"cix":2,"bm":0,"ix":5,"mn":"ADBE Vector Group","hd":false,"_render":true},{"ty":"gr","it":[{"ind":0,"ty":"sh","ix":1,"ks":{"a":0,"k":{"i":[[12.199,2.501],[-15.553,19.911],[-15.12,-6.13],[2.24,-19.911],[15.554,-3.5810000000000004]],"o":[[8.059999999999999,8.895],[-15.553,19.911],[-6.419999999999999,-18.645],[13.925,-11.205],[12.173,2.476]],"v":[[12.199,2.501],[-15.553,19.911],[-10.982,-12.523],[8.362,-15.35],[12.173,2.476]],"c":true},"ix":2},"nm":"Path 1","mn":"ADBE Vector Shape - Group","hd":false,"_render":true},{"ty":"fl","c":{"a":0,"k":[0.6863,0.0784,0,1],"ix":4},"o":{"a":0,"k":100,"ix":5},"r":1,"bm":0,"nm":"Fill 1","mn":"ADBE Vector Graphic - Fill","hd":false,"_render":true},{"ty":"tr","p":{"a":0,"k":[835.621,501.31],"ix":2},"a":{"a":0,"k":[0,0],"ix":1},"s":{"a":0,"k":[100,100],"ix":3},"r":{"a":0,"k":0,"ix":6},"o":{"a":0,"k":100,"ix":7},"sk":{"a":0,"k":0,"ix":4},"sa":{"a":0,"k":0,"ix":5},"nm":"Transform","_render":true}],"nm":"Group 6","np":4,"cix":2,"bm":0,"ix":6,"mn":"ADBE Vector Group","hd":false,"_render":true},{"ty":"gr","it":[{"ind":0,"ty":"sh","ix":1,"ks":{"a":0,"k":{"i":[[13.824,-8.165],[0,21.548],[-13.824,-0.5439999999999987],[-6.734999999999999,-21.548000000000002],[13.305,-15.078999999999999]],"o":[[13.824,-0.5439999999999987],[0,21.548],[-13.32,-15.783],[7.799,-20.585],[13.763,-8.165]],"v":[[13.824,-8.165],[0,21.548],[-13.824,-8.165],[0.884,-21.044],[13.763,-8.165]],"c":true},"ix":2},"nm":"Path 1","mn":"ADBE Vector Shape - Group","hd":false,"_render":true},{"ty":"fl","c":{"a":0,"k":[0.6863,0.0784,0,1],"ix":4},"o":{"a":0,"k":100,"ix":5},"r":1,"bm":0,"nm":"Fill 1","mn":"ADBE Vector Graphic - Fill","hd":false,"_render":true},{"ty":"tr","p":{"a":0,"k":[811.195,469.77],"ix":2},"a":{"a":0,"k":[0,0],"ix":1},"s":{"a":0,"k":[100,100],"ix":3},"r":{"a":0,"k":0,"ix":6},"o":{"a":0,"k":100,"ix":7},"sk":{"a":0,"k":0,"ix":4},"sa":{"a":0,"k":0,"ix":5},"nm":"Transform","_render":true}],"nm":"Group 7","np":4,"cix":2,"bm":0,"ix":7,"mn":"ADBE Vector Group","hd":false,"_render":true},{"ty":"gr","it":[{"ind":0,"ty":"sh","ix":1,"ks":{"a":0,"k":{"i":[[1.413,99.218],[-16.896,37.01],[16.897,-49.455],[7.8740000000000006,-89.866]],"o":[[1.413,99.218],[14.111,-27.839000000000002],[10.792,-80.18900000000001],[4.091,-99.217]],"v":[[1.413,99.218],[4.869,-8.704],[12.809,-70.307],[4.091,-99.217]],"c":false},"ix":2},"nm":"Path 1","mn":"ADBE Vector Shape - Group","hd":false,"_render":true},{"ty":"st","c":{"a":0,"k":[0.378,0.3435,0.322,1],"ix":3},"o":{"a":0,"k":100,"ix":4},"w":{"a":0,"k":2,"ix":5},"lc":1,"lj":1,"ml":10,"bm":0,"nm":"Stroke 1","mn":"ADBE Vector Graphic - Stroke","hd":false,"_render":true},{"ty":"tr","p":{"a":0,"k":[807.423,589.74],"ix":2},"a":{"a":0,"k":[0,0],"ix":1},"s":{"a":0,"k":[100,100],"ix":3},"r":{"a":0,"k":0,"ix":6},"o":{"a":0,"k":100,"ix":7},"sk":{"a":0,"k":0,"ix":4},"sa":{"a":0,"k":0,"ix":5},"nm":"Transform","_render":true}],"nm":"Group 8","np":2,"cix":2,"bm":0,"ix":8,"mn":"ADBE Vector Group","hd":false,"_render":true},{"ty":"gr","it":[{"ind":0,"ty":"sh","ix":1,"ks":{"a":0,"k":{"i":[[-12.049,10.266],[20.039,16.841],[10.483,-7.351000000000001],[-10.202000000000002,-16.094],[-19.295,4.303],[-12.545,9.943]],"o":[[-5.922999999999999,14.793],[20.039,16.841],[-1.4809999999999999,-16.841],[-20.04,-4.417000000000001],[-13.013,9.596],[-12.058,10.258]],"v":[[-12.049,10.266],[20.039,16.841],[4.357,-11.922],[-15.121,-10.255],[-13.456,9.222],[-12.058,10.258]],"c":true},"ix":2},"nm":"Path 1","mn":"ADBE Vector Shape - Group","hd":false,"_render":true},{"ty":"fl","c":{"a":0,"k":[0.6724,0.5705,0.5476,1],"ix":4},"o":{"a":0,"k":100,"ix":5},"r":1,"bm":0,"nm":"Fill 1","mn":"ADBE Vector Graphic - Fill","hd":false,"_render":true},{"ty":"tr","p":{"a":0,"k":[740.836,639.034],"ix":2},"a":{"a":0,"k":[0,0],"ix":1},"s":{"a":0,"k":[100,100],"ix":3},"r":{"a":0,"k":0,"ix":6},"o":{"a":0,"k":100,"ix":7},"sk":{"a":0,"k":0,"ix":4},"sa":{"a":0,"k":0,"ix":5},"nm":"Transform","_render":true}],"nm":"Group 9","np":4,"cix":2,"bm":0,"ix":9,"mn":"ADBE Vector Group","hd":false,"_render":true},{"ty":"gr","it":[{"ind":0,"ty":"sh","ix":1,"ks":{"a":0,"k":{"i":[[-11.172,12.527],[21.564,13.59],[8.052,-8.675],[-13.809000000000001,-13.794],[-19.375,7.835],[-11.736999999999998,12.290999999999999]],"o":[[-4.372000000000001,15.982999999999999],[21.564,13.59],[-5.332999999999999,-15.983],[-21.564,-0.641],[-12.277,12.017999999999999],[-11.181,12.527]],"v":[[-11.172,12.527],[21.564,13.59],[1.243,-12.105],[-17.686,-7.217],[-12.798,11.712],[-11.181,12.527]],"c":true},"ix":2},"nm":"Path 1","mn":"ADBE Vector Shape - Group","hd":false,"_render":true},{"ty":"fl","c":{"a":0,"k":[0.6724,0.5705,0.5476,1],"ix":4},"o":{"a":0,"k":100,"ix":5},"r":1,"bm":0,"nm":"Fill 1","mn":"ADBE Vector Graphic - Fill","hd":false,"_render":true},{"ty":"tr","p":{"a":0,"k":[745.488,572.828],"ix":2},"a":{"a":0,"k":[0,0],"ix":1},"s":{"a":0,"k":[100,100],"ix":3},"r":{"a":0,"k":0,"ix":6},"o":{"a":0,"k":100,"ix":7},"sk":{"a":0,"k":0,"ix":4},"sa":{"a":0,"k":0,"ix":5},"nm":"Transform","_render":true}],"nm":"Group 10","np":4,"cix":2,"bm":0,"ix":10,"mn":"ADBE Vector Group","hd":false,"_render":true},{"ty":"gr","it":[{"ind":0,"ty":"sh","ix":1,"ks":{"a":0,"k":{"i":[[-17.723,1.814],[17.835,17.769],[11.597,-7.52],[-8.405,-17.061999999999998]],"o":[[-7.627,12.265],[17.835,17.769],[0.31899999999999995,-17.769],[-17.835,-5.967999999999999]],"v":[[-13.087,6.96],[17.835,17.769],[6.137,-12.825],[-13.35,-11.245]],"c":true},"ix":2},"nm":"Path 1","mn":"ADBE Vector Shape - Group","hd":false,"_render":true},{"ty":"fl","c":{"a":0,"k":[0.6724,0.5705,0.5476,1],"ix":4},"o":{"a":0,"k":100,"ix":5},"r":1,"bm":0,"nm":"Fill 1","mn":"ADBE Vector Graphic - Fill","hd":false,"_render":true},{"ty":"tr","p":{"a":0,"k":[761.841,514.59],"ix":2},"a":{"a":0,"k":[0,0],"ix":1},"s":{"a":0,"k":[100,100],"ix":3},"r":{"a":0,"k":0,"ix":6},"o":{"a":0,"k":100,"ix":7},"sk":{"a":0,"k":0,"ix":4},"sa":{"a":0,"k":0,"ix":5},"nm":"Transform","_render":true}],"nm":"Group 11","np":4,"cix":2,"bm":0,"ix":11,"mn":"ADBE Vector Group","hd":false,"_render":true},{"ty":"gr","it":[{"ind":0,"ty":"sh","ix":1,"ks":{"a":0,"k":{"i":[[12.799,9.881],[-19.29,16.455],[-9.734,-7.735999999999999],[11.361,-14.619],[18.133,5.385]],"o":[[6.672999999999999,14.408000000000001],[-19.29,16.455],[2.802,-16.454],[19.29,-2.361999999999999],[12.808,9.872]],"v":[[12.799,9.881],[-19.29,16.455],[-3.608,-12.306],[15.507,-8.209],[12.808,9.872]],"c":true},"ix":2},"nm":"Path 1","mn":"ADBE Vector Shape - Group","hd":false,"_render":true},{"ty":"fl","c":{"a":0,"k":[0.6724,0.5705,0.5476,1],"ix":4},"o":{"a":0,"k":100,"ix":5},"r":1,"bm":0,"nm":"Fill 1","mn":"ADBE Vector Graphic - Fill","hd":false,"_render":true},{"ty":"tr","p":{"a":0,"k":[778.61,619.263],"ix":2},"a":{"a":0,"k":[0,0],"ix":1},"s":{"a":0,"k":[100,100],"ix":3},"r":{"a":0,"k":0,"ix":6},"o":{"a":0,"k":100,"ix":7},"sk":{"a":0,"k":0,"ix":4},"sa":{"a":0,"k":0,"ix":5},"nm":"Transform","_render":true}],"nm":"Group 12","np":4,"cix":2,"bm":0,"ix":12,"mn":"ADBE Vector Group","hd":false,"_render":true},{"ty":"gr","it":[{"ind":0,"ty":"sh","ix":1,"ks":{"a":0,"k":{"i":[[12.156,12.08],[-20.58,13.142],[-7.0680000000000005,-9.122],[14.883999999999999,-12.259],[18.14,8.558]],"o":[[5.356000000000001,15.536],[-20.58,13.142],[6.768,-15.537],[20.58,1.1520000000000001],[12.165,12.08]],"v":[[12.156,12.08],[-20.58,13.142],[-0.259,-12.553],[17.868,-5.232],[12.165,12.08]],"c":true},"ix":2},"nm":"Path 1","mn":"ADBE Vector Shape - Group","hd":false,"_render":true},{"ty":"fl","c":{"a":0,"k":[0.6724,0.5705,0.5476,1],"ix":4},"o":{"a":0,"k":100,"ix":5},"r":1,"bm":0,"nm":"Fill 1","mn":"ADBE Vector Graphic - Fill","hd":false,"_render":true},{"ty":"tr","p":{"a":0,"k":[792.299,562.666],"ix":2},"a":{"a":0,"k":[0,0],"ix":1},"s":{"a":0,"k":[100,100],"ix":3},"r":{"a":0,"k":0,"ix":6},"o":{"a":0,"k":100,"ix":7},"sk":{"a":0,"k":0,"ix":4},"sa":{"a":0,"k":0,"ix":5},"nm":"Transform","_render":true}],"nm":"Group 13","np":4,"cix":2,"bm":0,"ix":13,"mn":"ADBE Vector Group","hd":false,"_render":true},{"ty":"gr","it":[{"ind":0,"ty":"sh","ix":1,"ks":{"a":0,"k":{"i":[[12.172,2.467],[-15.554,19.911],[-15.122,-6.13],[2.2390000000000008,-19.911],[15.554,-3.58]],"o":[[8.033000000000001,8.861],[-15.554,19.911],[-6.422000000000001,-18.645],[13.923000000000002,-11.205],[12.172,2.476]],"v":[[12.172,2.467],[-15.554,19.911],[-10.983,-12.523],[8.361,-15.349],[12.172,2.476]],"c":true},"ix":2},"nm":"Path 1","mn":"ADBE Vector Shape - Group","hd":false,"_render":true},{"ty":"fl","c":{"a":0,"k":[0.6724,0.5705,0.5476,1],"ix":4},"o":{"a":0,"k":100,"ix":5},"r":1,"bm":0,"nm":"Fill 1","mn":"ADBE Vector Graphic - Fill","hd":false,"_render":true},{"ty":"tr","p":{"a":0,"k":[793.277,500.161],"ix":2},"a":{"a":0,"k":[0,0],"ix":1},"s":{"a":0,"k":[100,100],"ix":3},"r":{"a":0,"k":0,"ix":6},"o":{"a":0,"k":100,"ix":7},"sk":{"a":0,"k":0,"ix":4},"sa":{"a":0,"k":0,"ix":5},"nm":"Transform","_render":true}],"nm":"Group 14","np":4,"cix":2,"bm":0,"ix":14,"mn":"ADBE Vector Group","hd":false,"_render":true},{"ty":"gr","it":[{"ind":0,"ty":"sh","ix":1,"ks":{"a":0,"k":{"i":[[13.824,-8.164],[0,21.549],[-13.824,-0.5439999999999996],[-6.734999999999999,-21.549],[13.304,-15.079]],"o":[[13.824,-0.5439999999999996],[0,21.549],[-13.32,-15.782],[7.798,-20.586000000000002],[13.763,-8.164]],"v":[[13.824,-8.164],[0,21.549],[-13.824,-8.164],[0.884,-21.044],[13.763,-8.164]],"c":true},"ix":2},"nm":"Path 1","mn":"ADBE Vector Shape - Group","hd":false,"_render":true},{"ty":"fl","c":{"a":0,"k":[0.6724,0.5705,0.5476,1],"ix":4},"o":{"a":0,"k":100,"ix":5},"r":1,"bm":0,"nm":"Fill 1","mn":"ADBE Vector Graphic - Fill","hd":false,"_render":true},{"ty":"tr","p":{"a":0,"k":[768.824,468.595],"ix":2},"a":{"a":0,"k":[0,0],"ix":1},"s":{"a":0,"k":[100,100],"ix":3},"r":{"a":0,"k":0,"ix":6},"o":{"a":0,"k":100,"ix":7},"sk":{"a":0,"k":0,"ix":4},"sa":{"a":0,"k":0,"ix":5},"nm":"Transform","_render":true}],"nm":"Group 15","np":4,"cix":2,"bm":0,"ix":15,"mn":"ADBE Vector Group","hd":false,"_render":true},{"ty":"gr","it":[{"ind":0,"ty":"sh","ix":1,"ks":{"a":0,"k":{"i":[[-12.049,10.266],[20.039,16.841],[10.483,-7.351000000000001],[-10.202000000000002,-16.094],[-19.295,4.303],[-12.545,9.943]],"o":[[-5.922999999999999,14.793],[20.039,16.841],[-1.4809999999999999,-16.841],[-20.04,-4.417000000000001],[-13.013,9.596],[-12.058,10.258]],"v":[[-12.049,10.266],[20.039,16.841],[4.357,-11.922],[-15.121,-10.255],[-13.456,9.222],[-12.058,10.258]],"c":true},"ix":2},"nm":"Path 1","mn":"ADBE Vector Shape - Group","hd":false,"_render":true},{"ty":"fl","c":{"a":0,"k":[1,0.5247,0.38,1],"ix":4},"o":{"a":0,"k":100,"ix":5},"r":1,"bm":0,"nm":"Fill 1","mn":"ADBE Vector Graphic - Fill","hd":false,"_render":true},{"ty":"tr","p":{"a":0,"k":[740.836,639.034],"ix":2},"a":{"a":0,"k":[0,0],"ix":1},"s":{"a":0,"k":[100,100],"ix":3},"r":{"a":0,"k":0,"ix":6},"o":{"a":0,"k":100,"ix":7},"sk":{"a":0,"k":0,"ix":4},"sa":{"a":0,"k":0,"ix":5},"nm":"Transform","_render":true}],"nm":"Group 16","np":4,"cix":2,"bm":0,"ix":16,"mn":"ADBE Vector Group","hd":false,"_render":true},{"ty":"gr","it":[{"ind":0,"ty":"sh","ix":1,"ks":{"a":0,"k":{"i":[[-11.172,12.527],[21.564,13.59],[8.052,-8.675],[-13.809000000000001,-13.794],[-19.375,7.835],[-11.736999999999998,12.290999999999999]],"o":[[-4.372000000000001,15.982999999999999],[21.564,13.59],[-5.332999999999999,-15.983],[-21.564,-0.641],[-12.277,12.017999999999999],[-11.181,12.527]],"v":[[-11.172,12.527],[21.564,13.59],[1.243,-12.105],[-17.686,-7.217],[-12.798,11.712],[-11.181,12.527]],"c":true},"ix":2},"nm":"Path 1","mn":"ADBE Vector Shape - Group","hd":false,"_render":true},{"ty":"fl","c":{"a":0,"k":[1,0.5247,0.38,1],"ix":4},"o":{"a":0,"k":100,"ix":5},"r":1,"bm":0,"nm":"Fill 1","mn":"ADBE Vector Graphic - Fill","hd":false,"_render":true},{"ty":"tr","p":{"a":0,"k":[745.488,572.828],"ix":2},"a":{"a":0,"k":[0,0],"ix":1},"s":{"a":0,"k":[100,100],"ix":3},"r":{"a":0,"k":0,"ix":6},"o":{"a":0,"k":100,"ix":7},"sk":{"a":0,"k":0,"ix":4},"sa":{"a":0,"k":0,"ix":5},"nm":"Transform","_render":true}],"nm":"Group 17","np":4,"cix":2,"bm":0,"ix":17,"mn":"ADBE Vector Group","hd":false,"_render":true},{"ty":"gr","it":[{"ind":0,"ty":"sh","ix":1,"ks":{"a":0,"k":{"i":[[-17.723,1.814],[17.835,17.769],[11.597,-7.52],[-8.405,-17.061999999999998]],"o":[[-7.627,12.265],[17.835,17.769],[0.31899999999999995,-17.769],[-17.835,-5.967999999999999]],"v":[[-13.087,6.96],[17.835,17.769],[6.137,-12.825],[-13.35,-11.245]],"c":true},"ix":2},"nm":"Path 1","mn":"ADBE Vector Shape - Group","hd":false,"_render":true},{"ty":"fl","c":{"a":0,"k":[1,0.5247,0.38,1],"ix":4},"o":{"a":0,"k":100,"ix":5},"r":1,"bm":0,"nm":"Fill 1","mn":"ADBE Vector Graphic - Fill","hd":false,"_render":true},{"ty":"tr","p":{"a":0,"k":[761.841,514.59],"ix":2},"a":{"a":0,"k":[0,0],"ix":1},"s":{"a":0,"k":[100,100],"ix":3},"r":{"a":0,"k":0,"ix":6},"o":{"a":0,"k":100,"ix":7},"sk":{"a":0,"k":0,"ix":4},"sa":{"a":0,"k":0,"ix":5},"nm":"Transform","_render":true}],"nm":"Group 18","np":4,"cix":2,"bm":0,"ix":18,"mn":"ADBE Vector Group","hd":false,"_render":true},{"ty":"gr","it":[{"ind":0,"ty":"sh","ix":1,"ks":{"a":0,"k":{"i":[[12.799,9.881],[-19.29,16.455],[-9.734,-7.735999999999999],[11.361,-14.619],[18.133,5.385]],"o":[[6.672999999999999,14.408000000000001],[-19.29,16.455],[2.802,-16.454],[19.29,-2.361999999999999],[12.808,9.872]],"v":[[12.799,9.881],[-19.29,16.455],[-3.608,-12.306],[15.507,-8.209],[12.808,9.872]],"c":true},"ix":2},"nm":"Path 1","mn":"ADBE Vector Shape - Group","hd":false,"_render":true},{"ty":"fl","c":{"a":0,"k":[1,0.5247,0.38,1],"ix":4},"o":{"a":0,"k":100,"ix":5},"r":1,"bm":0,"nm":"Fill 1","mn":"ADBE Vector Graphic - Fill","hd":false,"_render":true},{"ty":"tr","p":{"a":0,"k":[778.61,619.263],"ix":2},"a":{"a":0,"k":[0,0],"ix":1},"s":{"a":0,"k":[100,100],"ix":3},"r":{"a":0,"k":0,"ix":6},"o":{"a":0,"k":100,"ix":7},"sk":{"a":0,"k":0,"ix":4},"sa":{"a":0,"k":0,"ix":5},"nm":"Transform","_render":true}],"nm":"Group 19","np":4,"cix":2,"bm":0,"ix":19,"mn":"ADBE Vector Group","hd":false,"_render":true},{"ty":"gr","it":[{"ind":0,"ty":"sh","ix":1,"ks":{"a":0,"k":{"i":[[12.156,12.08],[-20.58,13.142],[-7.0680000000000005,-9.122],[14.883999999999999,-12.259],[18.14,8.558]],"o":[[5.356000000000001,15.536],[-20.58,13.142],[6.768,-15.537],[20.58,1.1520000000000001],[12.165,12.08]],"v":[[12.156,12.08],[-20.58,13.142],[-0.259,-12.553],[17.868,-5.232],[12.165,12.08]],"c":true},"ix":2},"nm":"Path 1","mn":"ADBE Vector Shape - Group","hd":false,"_render":true},{"ty":"fl","c":{"a":0,"k":[1,0.5247,0.38,1],"ix":4},"o":{"a":0,"k":100,"ix":5},"r":1,"bm":0,"nm":"Fill 1","mn":"ADBE Vector Graphic - Fill","hd":false,"_render":true},{"ty":"tr","p":{"a":0,"k":[792.299,562.666],"ix":2},"a":{"a":0,"k":[0,0],"ix":1},"s":{"a":0,"k":[100,100],"ix":3},"r":{"a":0,"k":0,"ix":6},"o":{"a":0,"k":100,"ix":7},"sk":{"a":0,"k":0,"ix":4},"sa":{"a":0,"k":0,"ix":5},"nm":"Transform","_render":true}],"nm":"Group 20","np":4,"cix":2,"bm":0,"ix":20,"mn":"ADBE Vector Group","hd":false,"_render":true},{"ty":"gr","it":[{"ind":0,"ty":"sh","ix":1,"ks":{"a":0,"k":{"i":[[12.172,2.467],[-15.554,19.911],[-15.122,-6.13],[2.2390000000000008,-19.911],[15.554,-3.58]],"o":[[8.033000000000001,8.861],[-15.554,19.911],[-6.422000000000001,-18.645],[13.923000000000002,-11.205],[12.172,2.476]],"v":[[12.172,2.467],[-15.554,19.911],[-10.983,-12.523],[8.361,-15.349],[12.172,2.476]],"c":true},"ix":2},"nm":"Path 1","mn":"ADBE Vector Shape - Group","hd":false,"_render":true},{"ty":"fl","c":{"a":0,"k":[1,0.5247,0.38,1],"ix":4},"o":{"a":0,"k":100,"ix":5},"r":1,"bm":0,"nm":"Fill 1","mn":"ADBE Vector Graphic - Fill","hd":false,"_render":true},{"ty":"tr","p":{"a":0,"k":[793.277,500.161],"ix":2},"a":{"a":0,"k":[0,0],"ix":1},"s":{"a":0,"k":[100,100],"ix":3},"r":{"a":0,"k":0,"ix":6},"o":{"a":0,"k":100,"ix":7},"sk":{"a":0,"k":0,"ix":4},"sa":{"a":0,"k":0,"ix":5},"nm":"Transform","_render":true}],"nm":"Group 21","np":4,"cix":2,"bm":0,"ix":21,"mn":"ADBE Vector Group","hd":false,"_render":true},{"ty":"gr","it":[{"ind":0,"ty":"sh","ix":1,"ks":{"a":0,"k":{"i":[[13.824,-8.164],[0,21.549],[-13.824,-0.5439999999999996],[-6.734999999999999,-21.549],[13.304,-15.079]],"o":[[13.824,-0.5439999999999996],[0,21.549],[-13.32,-15.782],[7.798,-20.586000000000002],[13.763,-8.164]],"v":[[13.824,-8.164],[0,21.549],[-13.824,-8.164],[0.884,-21.044],[13.763,-8.164]],"c":true},"ix":2},"nm":"Path 1","mn":"ADBE Vector Shape - Group","hd":false,"_render":true},{"ty":"fl","c":{"a":0,"k":[1,0.5247,0.38,1],"ix":4},"o":{"a":0,"k":100,"ix":5},"r":1,"bm":0,"nm":"Fill 1","mn":"ADBE Vector Graphic - Fill","hd":false,"_render":true},{"ty":"tr","p":{"a":0,"k":[768.824,468.595],"ix":2},"a":{"a":0,"k":[0,0],"ix":1},"s":{"a":0,"k":[100,100],"ix":3},"r":{"a":0,"k":0,"ix":6},"o":{"a":0,"k":100,"ix":7},"sk":{"a":0,"k":0,"ix":4},"sa":{"a":0,"k":0,"ix":5},"nm":"Transform","_render":true}],"nm":"Group 22","np":4,"cix":2,"bm":0,"ix":22,"mn":"ADBE Vector Group","hd":false,"_render":true},{"ty":"gr","it":[{"ind":0,"ty":"sh","ix":1,"ks":{"a":0,"k":{"i":[[1.413,99.218],[-16.896,37.01],[16.897,-49.455],[7.817,-89.869]],"o":[[1.413,99.218],[14.111,-27.839000000000002],[10.764999999999999,-80.19200000000001],[4.005,-99.217]],"v":[[1.413,99.218],[4.869,-8.704],[12.809,-70.307],[4.005,-99.217]],"c":false},"ix":2},"nm":"Path 1","mn":"ADBE Vector Shape - Group","hd":false,"_render":true},{"ty":"st","c":{"a":0,"k":[0.378,0.3435,0.322,1],"ix":3},"o":{"a":0,"k":100,"ix":4},"w":{"a":0,"k":2,"ix":5},"lc":1,"lj":1,"ml":10,"bm":0,"nm":"Stroke 1","mn":"ADBE Vector Graphic - Stroke","hd":false,"_render":true},{"ty":"tr","p":{"a":0,"k":[765.087,588.557],"ix":2},"a":{"a":0,"k":[0,0],"ix":1},"s":{"a":0,"k":[100,100],"ix":3},"r":{"a":0,"k":0,"ix":6},"o":{"a":0,"k":100,"ix":7},"sk":{"a":0,"k":0,"ix":4},"sa":{"a":0,"k":0,"ix":5},"nm":"Transform","_render":true}],"nm":"Group 23","np":2,"cix":2,"bm":0,"ix":23,"mn":"ADBE Vector Group","hd":false,"_render":true},{"ty":"gr","it":[{"ind":0,"ty":"sh","ix":1,"ks":{"a":0,"k":{"i":[[-25.004,-45.122],[25.004,-6.865000000000002]],"o":[[-25.004,-45.122],[23.596,45.122]],"v":[[-25.004,-45.122],[23.596,45.122]],"c":false},"ix":2},"nm":"Path 1","mn":"ADBE Vector Shape - Group","hd":false,"_render":true},{"ty":"st","c":{"a":0,"k":[0.378,0.3435,0.322,1],"ix":3},"o":{"a":0,"k":100,"ix":4},"w":{"a":0,"k":1,"ix":5},"lc":1,"lj":1,"ml":10,"bm":0,"nm":"Stroke 1","mn":"ADBE Vector Graphic - Stroke","hd":false,"_render":true},{"ty":"tr","p":{"a":0,"k":[740.036,637.667],"ix":2},"a":{"a":0,"k":[0,0],"ix":1},"s":{"a":0,"k":[100,100],"ix":3},"r":{"a":0,"k":0,"ix":6},"o":{"a":0,"k":100,"ix":7},"sk":{"a":0,"k":0,"ix":4},"sa":{"a":0,"k":0,"ix":5},"nm":"Transform","_render":true}],"nm":"Group 24","np":2,"cix":2,"bm":0,"ix":24,"mn":"ADBE Vector Group","hd":false,"_render":true},{"ty":"gr","it":[{"ind":0,"ty":"sh","ix":1,"ks":{"a":0,"k":{"i":[[-7.275,-40.103],[-65.72399999999999,-4.852999999999994],[65.724,5.335000000000001],[9.235,-49.397999999999996]],"o":[[-7.275,-40.103],[41.999,49.398],[28.953,-45.078],[-6.402,-40.638]],"v":[[-7.275,-40.103],[41.999,49.398],[39.494,-30.582],[-6.402,-40.638]],"c":true},"ix":2},"nm":"Path 1","mn":"ADBE Vector Shape - Group","hd":false,"_render":true},{"ty":"fl","c":{"a":0,"k":[0.6863,0.0784,0,1],"ix":4},"o":{"a":0,"k":100,"ix":5},"r":1,"bm":0,"nm":"Fill 1","mn":"ADBE Vector Graphic - Fill","hd":false,"_render":true},{"ty":"tr","p":{"a":0,"k":[721.632,633.391],"ix":2},"a":{"a":0,"k":[0,0],"ix":1},"s":{"a":0,"k":[100,100],"ix":3},"r":{"a":0,"k":0,"ix":6},"o":{"a":0,"k":100,"ix":7},"sk":{"a":0,"k":0,"ix":4},"sa":{"a":0,"k":0,"ix":5},"nm":"Transform","_render":true}],"nm":"Group 25","np":4,"cix":2,"bm":0,"ix":25,"mn":"ADBE Vector Group","hd":false,"_render":true}],"ip":0,"op":150,"st":0,"bm":0,"completed":true},{"ddd":0,"ind":3,"ty":4,"nm":"Arm","sr":1,"ks":{"o":{"a":0,"k":100,"ix":11},"r":{"a":1,"k":[{"i":{"x":[0.833],"y":[0.833]},"o":{"x":[0.167],"y":[0.167]},"t":0,"s":[0]},{"i":{"x":[0.833],"y":[0.833]},"o":{"x":[0.167],"y":[0.167]},"t":30,"s":[3]},{"t":61,"s":[0]}],"ix":10},"p":{"a":0,"k":[602.072,239.215,0],"ix":2},"a":{"a":0,"k":[602.072,239.215,0],"ix":1},"s":{"a":0,"k":[100,100,100],"ix":6}},"ao":0,"shapes":[{"ty":"gr","it":[{"ind":0,"ty":"sh","ix":1,"ks":{"a":0,"k":{"i":[[-12.787,-7.643],[2.186,-16.312],[2.792,16.312],[-8.656,9.443]],"o":[[-12.787,-7.643],[12.787,14.878],[2.792,16.312],[-8.656,9.443]],"v":[[-12.787,-7.643],[12.787,14.878],[2.792,16.312],[-8.656,9.443]],"c":true},"ix":2},"nm":"Path 1","mn":"ADBE Vector Shape - Group","hd":false,"_render":true},{"ty":"fl","c":{"a":0,"k":[0.8196,0.7589,0.7404,1],"ix":4},"o":{"a":0,"k":100,"ix":5},"r":1,"bm":0,"nm":"Fill 1","mn":"ADBE Vector Graphic - Fill","hd":false,"_render":true},{"ty":"tr","p":{"a":0,"k":[566.24,149.781],"ix":2},"a":{"a":0,"k":[0,0],"ix":1},"s":{"a":0,"k":[100,100],"ix":3},"r":{"a":0,"k":0,"ix":6},"o":{"a":0,"k":100,"ix":7},"sk":{"a":0,"k":0,"ix":4},"sa":{"a":0,"k":0,"ix":5},"nm":"Transform","_render":true}],"nm":"Group 2","np":4,"cix":2,"bm":0,"ix":1,"mn":"ADBE Vector Group","hd":false,"_render":true},{"ty":"gr","it":[{"ind":0,"ty":"sh","ix":1,"ks":{"a":0,"k":{"i":[[-24.036,8.661],[-9.728,-26.442],[24.036,2.7349999999999994],[-13.158,26.442],[-24.036,25.077]],"o":[[-24.036,8.661],[4.009,-19.15],[-3.4209999999999994,21.881],[-13.158,26.442],[-24.036,25.077]],"v":[[-24.036,8.661],[-2.859,-22.796],[10.308,12.308],[-13.158,26.442],[-24.036,25.077]],"c":true},"ix":2},"nm":"Path 1","mn":"ADBE Vector Shape - Group","hd":false,"_render":true},{"ty":"fl","c":{"a":0,"k":[0.9928,0.8198,0.7672,1],"ix":4},"o":{"a":0,"k":100,"ix":5},"r":1,"bm":0,"nm":"Fill 1","mn":"ADBE Vector Graphic - Fill","hd":false,"_render":true},{"ty":"tr","p":{"a":0,"k":[587.062,134.786],"ix":2},"a":{"a":0,"k":[0,0],"ix":1},"s":{"a":0,"k":[100,100],"ix":3},"r":{"a":0,"k":0,"ix":6},"o":{"a":0,"k":100,"ix":7},"sk":{"a":0,"k":0,"ix":4},"sa":{"a":0,"k":0,"ix":5},"nm":"Transform","_render":true}],"nm":"Group 3","np":4,"cix":2,"bm":0,"ix":2,"mn":"ADBE Vector Group","hd":false,"_render":true},{"ty":"gr","it":[{"ind":0,"ty":"sh","ix":1,"ks":{"a":0,"k":{"i":[[17.846,-25.911],[-23.358,7.299999999999999],[9.341000000000005,-2.564],[29.698999999999998,45.404],[-33.266999999999996,49.866],[-61.52,34.462],[4,-28.143],[12.986,-49.866]],"o":[[17.846,-25.911],[-17.032,11.734],[61.52,1.595],[10.895,36.486000000000004],[-57.744,45.75],[-56.760000000000005,-5.916],[4.117,-48.237],[12.986,-49.866]],"v":[[17.846,-25.911],[-23.358,16.648],[40.206,-0.104],[15.055,38.459],[-51.891,46.734],[-60.825,28.568],[4.117,-48.237],[12.986,-49.866]],"c":false},"ix":2},"nm":"Path 1","mn":"ADBE Vector Shape - Group","hd":false,"_render":true},{"ty":"fl","c":{"a":0,"k":[0.8196,0.7589,0.7404,1],"ix":4},"o":{"a":0,"k":100,"ix":5},"r":1,"bm":0,"nm":"Fill 1","mn":"ADBE Vector Graphic - Fill","hd":false,"_render":true},{"ty":"tr","p":{"a":0,"k":[551.185,192.004],"ix":2},"a":{"a":0,"k":[0,0],"ix":1},"s":{"a":0,"k":[100,100],"ix":3},"r":{"a":0,"k":0,"ix":6},"o":{"a":0,"k":100,"ix":7},"sk":{"a":0,"k":0,"ix":4},"sa":{"a":0,"k":0,"ix":5},"nm":"Transform","_render":true}],"nm":"Group 4","np":4,"cix":2,"bm":0,"ix":3,"mn":"ADBE Vector Group","hd":false,"_render":true}],"ip":0,"op":150,"st":0,"bm":0,"completed":true},{"ddd":0,"ind":4,"ty":4,"nm":"Huvud","sr":1,"ks":{"o":{"a":0,"k":100,"ix":11},"r":{"a":1,"k":[{"i":{"x":[0.833],"y":[0.833]},"o":{"x":[0.167],"y":[0.167]},"t":0,"s":[0]},{"i":{"x":[0.833],"y":[0.833]},"o":{"x":[0.167],"y":[0.167]},"t":30,"s":[-5]},{"t":60,"s":[0]}],"ix":10},"p":{"a":0,"k":[615,193.5,0],"ix":2},"a":{"a":0,"k":[616,204.5,0],"ix":1},"s":{"a":0,"k":[100,100,100],"ix":6}},"ao":0,"shapes":[{"ty":"gr","it":[{"ind":0,"ty":"sh","ix":1,"ks":{"a":0,"k":{"i":[[-1.874,12.168999999999999],[6.869,10.779],[12.045,20.023],[16.719,26.953],[17.557,32.569],[23.604,37.001],[29.86,31.498],[32.278999999999996,24.05],[35.594,21.618],[36.694,19.262],[35.675,7.9879999999999995],[41.049,-18.217],[26.495,-30.662],[11.033,-26.122],[-13.842,-37],[-33.096,-29.26],[-40.581,-7.7620000000000005],[-39.638999999999996,2.7230000000000003],[-38.233,4.014],[-37.287,5.877000000000001],[-37.882000000000005,9.556999999999999],[-38.793,11.975],[-38.085,12.986],[-28.753,11.634],[-15.119,14.882]],"o":[[4.5280000000000005,11.115],[13.013,13.924],[15.25,25.647],[17.929000000000002,30.409000000000002],[19.881,36.647000000000006],[28.494,34.133],[31.597,26.590000000000003],[34.954,22.141000000000002],[36.538000000000004,20.182],[36.582,12.516000000000002],[39.114,-6.796000000000001],[30.912,-28.403],[17.392000000000003,-32.153],[-4.458,-26.701],[-29.078000000000003,-32.217999999999996],[-41.048,-17.630000000000003],[-39.841,2.045],[-38.861999999999995,3.7630000000000003],[-37.443999999999996,5.117],[-37.534,8.099],[-38.736000000000004,11.401],[-38.39,12.778],[-33.419,14.633],[-19.509,11.789],[-6.143,13.56]],"v":[[2.368,11.469],[8.805,11.773],[14.343,24.049],[17.324,28.681],[18.508,34.237],[26.049,35.567],[30.785,28.888],[34.241,22.547],[36.133,21],[36.582,18.356],[36.997,2.328],[34.345,-24.982],[21.713,-31.445],[6.661,-26.26],[-24.443,-33.674],[-35.863,-25.268],[-39.829,1.353],[-39.251,3.297],[-37.852,4.489],[-37.419,6.615],[-38.447,10.934],[-38.603,12.49],[-37.738,13.077],[-24.131,11.711],[-10.35,14.208]],"c":true},"ix":2},"nm":"Path 1","mn":"ADBE Vector Shape - Group","hd":false,"_render":true},{"ty":"fl","c":{"a":0,"k":[0.354,0.2874,0.246,1],"ix":4},"o":{"a":0,"k":100,"ix":5},"r":1,"bm":0,"nm":"Fill 1","mn":"ADBE Vector Graphic - Fill","hd":false,"_render":true},{"ty":"tr","p":{"a":0,"k":[627.886,129.68],"ix":2},"a":{"a":0,"k":[0,0],"ix":1},"s":{"a":0,"k":[100,100],"ix":3},"r":{"a":0,"k":0,"ix":6},"o":{"a":0,"k":100,"ix":7},"sk":{"a":0,"k":0,"ix":4},"sa":{"a":0,"k":0,"ix":5},"nm":"Transform","_render":true}],"nm":"Group 1","np":4,"cix":2,"bm":0,"ix":1,"mn":"ADBE Vector Group","hd":false,"_render":true},{"ty":"gr","it":[{"ind":0,"ty":"sh","ix":1,"ks":{"a":0,"k":{"i":[[33.765,-3.264],[7.987,37.706],[-33.749,15.36],[-33.765,-4.559],[-17.337,-37.706],[33.724999999999994,-21.387]],"o":[[33.748,15.384],[-29.284999999999997,37.673],[-33.765,-3.264],[-33.035000000000004,-23.193],[19.406,-36.266],[33.739,-3.264]],"v":[[33.765,-3.264],[-10.661,37.689],[-33.765,-3.264],[-33.765,-4.559],[1.296,-36.975],[33.739,-3.264]],"c":true},"ix":2},"nm":"Path 1","mn":"ADBE Vector Shape - Group","hd":false,"_render":true},{"ty":"fl","c":{"a":0,"k":[0.9928,0.8198,0.7672,1],"ix":4},"o":{"a":0,"k":100,"ix":5},"r":1,"bm":0,"nm":"Fill 1","mn":"ADBE Vector Graphic - Fill","hd":false,"_render":true},{"ty":"tr","p":{"a":0,"k":[625.122,149.856],"ix":2},"a":{"a":0,"k":[0,0],"ix":1},"s":{"a":0,"k":[100,100],"ix":3},"r":{"a":0,"k":0,"ix":6},"o":{"a":0,"k":100,"ix":7},"sk":{"a":0,"k":0,"ix":4},"sa":{"a":0,"k":0,"ix":5},"nm":"Transform","_render":true}],"nm":"Group 2","np":4,"cix":2,"bm":0,"ix":2,"mn":"ADBE Vector Group","hd":false,"_render":true},{"ty":"gr","it":[{"ind":0,"ty":"sh","ix":1,"ks":{"a":0,"k":{"i":[[22.015,0.041999999999999815],[22.206,5.928],[-1.6669999999999998,22.102],[-22.3,5.49],[24.547,-34.715]],"o":[[22.69,5.314],[10.666,19.611],[-18.304,10.343],[-23.148,2.055],[21.705,-4.771]],"v":[[23.148,4.692],[21.713,6.515],[-15.959,12.65],[-23.148,2.055],[22.232,-9.529]],"c":true},"ix":2},"nm":"Path 1","mn":"ADBE Vector Shape - Group","hd":false,"_render":true},{"ty":"fl","c":{"a":0,"k":[0.2627,0.102,0,1],"ix":4},"o":{"a":0,"k":10,"ix":5},"r":1,"bm":0,"nm":"Fill 1","mn":"ADBE Vector Graphic - Fill","hd":false,"_render":true},{"ty":"tr","p":{"a":0,"k":[618.585,170.797],"ix":2},"a":{"a":0,"k":[0,0],"ix":1},"s":{"a":0,"k":[100,100],"ix":3},"r":{"a":0,"k":0,"ix":6},"o":{"a":0,"k":100,"ix":7},"sk":{"a":0,"k":0,"ix":4},"sa":{"a":0,"k":0,"ix":5},"nm":"Transform","_render":true}],"nm":"Group 3","np":4,"cix":2,"bm":0,"ix":3,"mn":"ADBE Vector Group","hd":false,"_render":true}],"ip":0,"op":150,"st":0,"bm":0,"completed":true},{"ddd":0,"ind":5,"ty":4,"nm":"Kropp","sr":1,"ks":{"o":{"a":0,"k":100,"ix":11},"r":{"a":0,"k":0,"ix":10},"p":{"a":0,"k":[548.665,405.31,0],"ix":2},"a":{"a":0,"k":[548.665,405.31,0],"ix":1},"s":{"a":0,"k":[100,100,100],"ix":6}},"ao":0,"shapes":[{"ty":"gr","it":[{"ind":0,"ty":"sh","ix":1,"ks":{"a":0,"k":{"i":[[12.174,99.256],[12.112,99.256],[3.844,102.331],[0.786,93.821],[-12.174,57.689],[-10.143,-100.326],[-7.489,-99.834],[-1.802,-101.03],[-2.437,53.188]],"o":[[12.174,99.256],[12.112,99.256],[3.844,102.331],[0.786,93.821],[-12.174,57.689],[-8.844000000000001,-99.96199999999999],[-3.9219999999999997,-100.21000000000001],[0.018,-102.331],[-2.437,53.188]],"v":[[12.174,99.256],[12.112,99.256],[3.844,102.331],[0.786,93.821],[-12.174,57.689],[-10.143,-100.326],[-6.143,-99.947],[0.018,-102.331],[-2.437,53.188]],"c":true},"ix":2},"nm":"Path 1","mn":"ADBE Vector Shape - Group","hd":false,"_render":true},{"ty":"fl","c":{"a":0,"k":[0.2627,0.102,0,1],"ix":4},"o":{"a":0,"k":10,"ix":5},"r":1,"bm":0,"nm":"Fill 1","mn":"ADBE Vector Graphic - Fill","hd":false,"_render":true},{"ty":"tr","p":{"a":0,"k":[637.019,306.069],"ix":2},"a":{"a":0,"k":[0,0],"ix":1},"s":{"a":0,"k":[100,100],"ix":3},"r":{"a":0,"k":0,"ix":6},"o":{"a":0,"k":100,"ix":7},"sk":{"a":0,"k":0,"ix":4},"sa":{"a":0,"k":0,"ix":5},"nm":"Transform","_render":true}],"nm":"Group 10","np":4,"cix":2,"bm":0,"ix":1,"mn":"ADBE Vector Group","hd":false,"_render":true},{"ty":"gr","it":[{"ind":0,"ty":"sh","ix":1,"ks":{"a":0,"k":{"i":[[10.139,1.171],[2.622,9.129],[-10.138,-6.518],[-9.862,-6.726],[-6.404,-8.228]],"o":[[10.139,1.171],[-8.065,4.808],[-10.138,-6.518],[-8.112,-7.427],[-4.748,-9.128]],"v":[[10.139,1.171],[2.622,9.129],[-10.138,-6.518],[-9.862,-6.726],[-4.748,-9.128]],"c":true},"ix":2},"nm":"Path 1","mn":"ADBE Vector Shape - Group","hd":false,"_render":true},{"ty":"fl","c":{"a":0,"k":[0.8196,0.7589,0.7404,1],"ix":4},"o":{"a":0,"k":100,"ix":5},"r":1,"bm":0,"nm":"Fill 1","mn":"ADBE Vector Graphic - Fill","hd":false,"_render":true},{"ty":"tr","p":{"a":0,"k":[704.864,332.002],"ix":2},"a":{"a":0,"k":[0,0],"ix":1},"s":{"a":0,"k":[100,100],"ix":3},"r":{"a":0,"k":0,"ix":6},"o":{"a":0,"k":100,"ix":7},"sk":{"a":0,"k":0,"ix":4},"sa":{"a":0,"k":0,"ix":5},"nm":"Transform","_render":true}],"nm":"Group 1","np":4,"cix":2,"bm":0,"ix":2,"mn":"ADBE Vector Group","hd":false,"_render":true},{"ty":"gr","it":[{"ind":0,"ty":"sh","ix":1,"ks":{"a":0,"k":{"i":[[-0.949,-1.72],[1.72,-0.949],[0.949,1.72],[-1.72,0.95]],"o":[[0.949,-1.72],[1.72,0.95],[-0.949,1.72],[-1.72,-0.949]],"v":[[0,-1.72],[1.72,0],[0,1.72],[-1.72,0]],"c":true},"ix":2},"nm":"Path 1","mn":"ADBE Vector Shape - Group","hd":false,"_render":true},{"ty":"fl","c":{"a":0,"k":[1,1,1,1],"ix":4},"o":{"a":0,"k":100,"ix":5},"r":1,"bm":0,"nm":"Fill 1","mn":"ADBE Vector Graphic - Fill","hd":false,"_render":true},{"ty":"tr","p":{"a":0,"k":[627.99,301.689],"ix":2},"a":{"a":0,"k":[0,0],"ix":1},"s":{"a":0,"k":[100,100],"ix":3},"r":{"a":0,"k":0,"ix":6},"o":{"a":0,"k":100,"ix":7},"sk":{"a":0,"k":0,"ix":4},"sa":{"a":0,"k":0,"ix":5},"nm":"Transform","_render":true}],"nm":"Group 2","np":4,"cix":2,"bm":0,"ix":3,"mn":"ADBE Vector Group","hd":false,"_render":true},{"ty":"gr","it":[{"ind":0,"ty":"sh","ix":1,"ks":{"a":0,"k":{"i":[[-0.949,-1.72],[1.719,-0.949],[0.95,1.72],[-1.72,0.95]],"o":[[0.95,-1.72],[1.719,0.95],[-0.949,1.72],[-1.72,-0.949]],"v":[[0,-1.72],[1.719,0.001],[0,1.72],[-1.72,0.001]],"c":true},"ix":2},"nm":"Path 1","mn":"ADBE Vector Shape - Group","hd":false,"_render":true},{"ty":"fl","c":{"a":0,"k":[1,1,1,1],"ix":4},"o":{"a":0,"k":100,"ix":5},"r":1,"bm":0,"nm":"Fill 1","mn":"ADBE Vector Graphic - Fill","hd":false,"_render":true},{"ty":"tr","p":{"a":0,"k":[672.054,240.457],"ix":2},"a":{"a":0,"k":[0,0],"ix":1},"s":{"a":0,"k":[100,100],"ix":3},"r":{"a":0,"k":0,"ix":6},"o":{"a":0,"k":100,"ix":7},"sk":{"a":0,"k":0,"ix":4},"sa":{"a":0,"k":0,"ix":5},"nm":"Transform","_render":true}],"nm":"Group 3","np":4,"cix":2,"bm":0,"ix":4,"mn":"ADBE Vector Group","hd":false,"_render":true},{"ty":"gr","it":[{"ind":0,"ty":"sh","ix":1,"ks":{"a":0,"k":{"i":[[-0.949,-1.72],[1.719,-0.949],[0.95,1.72],[-1.72,0.95]],"o":[[0.95,-1.72],[1.719,0.95],[-0.949,1.72],[-1.72,-0.949]],"v":[[0,-1.72],[1.719,0],[0,1.72],[-1.72,0]],"c":true},"ix":2},"nm":"Path 1","mn":"ADBE Vector Shape - Group","hd":false,"_render":true},{"ty":"fl","c":{"a":0,"k":[1,1,1,1],"ix":4},"o":{"a":0,"k":100,"ix":5},"r":1,"bm":0,"nm":"Fill 1","mn":"ADBE Vector Graphic - Fill","hd":false,"_render":true},{"ty":"tr","p":{"a":0,"k":[631.42,238.738],"ix":2},"a":{"a":0,"k":[0,0],"ix":1},"s":{"a":0,"k":[100,100],"ix":3},"r":{"a":0,"k":0,"ix":6},"o":{"a":0,"k":100,"ix":7},"sk":{"a":0,"k":0,"ix":4},"sa":{"a":0,"k":0,"ix":5},"nm":"Transform","_render":true}],"nm":"Group 4","np":4,"cix":2,"bm":0,"ix":5,"mn":"ADBE Vector Group","hd":false,"_render":true},{"ty":"gr","it":[{"ind":0,"ty":"sh","ix":1,"ks":{"a":0,"k":{"i":[[18.317,20.891],[-18.317,20.891],[-18.317,-15.734],[0,-20.891],[18.317,-15.734]],"o":[[18.317,20.891],[-18.317,20.891],[-18.317,-15.734],[0,-20.891],[18.317,-15.734]],"v":[[18.317,20.891],[-18.317,20.891],[-18.317,-15.734],[0,-20.891],[18.317,-15.734]],"c":true},"ix":2},"nm":"Path 1","mn":"ADBE Vector Shape - Group","hd":false,"_render":true},{"ty":"fl","c":{"a":0,"k":[0.2627,0.102,0,1],"ix":4},"o":{"a":0,"k":10,"ix":5},"r":1,"bm":0,"nm":"Fill 1","mn":"ADBE Vector Graphic - Fill","hd":false,"_render":true},{"ty":"tr","p":{"a":0,"k":[670.913,256.19],"ix":2},"a":{"a":0,"k":[0,0],"ix":1},"s":{"a":0,"k":[100,100],"ix":3},"r":{"a":0,"k":0,"ix":6},"o":{"a":0,"k":100,"ix":7},"sk":{"a":0,"k":0,"ix":4},"sa":{"a":0,"k":0,"ix":5},"nm":"Transform","_render":true}],"nm":"Group 5","np":4,"cix":2,"bm":0,"ix":6,"mn":"ADBE Vector Group","hd":false,"_render":true},{"ty":"gr","it":[{"ind":0,"ty":"sh","ix":1,"ks":{"a":0,"k":{"i":[[-0.949,-1.719],[1.719,-0.949],[0.95,1.719],[-1.72,0.95]],"o":[[0.95,-1.719],[1.719,0.95],[-0.949,1.719],[-1.72,-0.949]],"v":[[0,-1.719],[1.719,0],[0,1.719],[-1.72,0]],"c":true},"ix":2},"nm":"Path 1","mn":"ADBE Vector Shape - Group","hd":false,"_render":true},{"ty":"fl","c":{"a":0,"k":[1,1,1,1],"ix":4},"o":{"a":0,"k":100,"ix":5},"r":1,"bm":0,"nm":"Fill 1","mn":"ADBE Vector Graphic - Fill","hd":false,"_render":true},{"ty":"tr","p":{"a":0,"k":[630.28,361.209],"ix":2},"a":{"a":0,"k":[0,0],"ix":1},"s":{"a":0,"k":[100,100],"ix":3},"r":{"a":0,"k":0,"ix":6},"o":{"a":0,"k":100,"ix":7},"sk":{"a":0,"k":0,"ix":4},"sa":{"a":0,"k":0,"ix":5},"nm":"Transform","_render":true}],"nm":"Group 6","np":4,"cix":2,"bm":0,"ix":7,"mn":"ADBE Vector Group","hd":false,"_render":true},{"ty":"gr","it":[{"ind":0,"ty":"sh","ix":1,"ks":{"a":0,"k":{"i":[[-0.949,-1.72],[1.719,-0.95],[0.95,1.72],[-1.72,0.949]],"o":[[0.95,-1.72],[1.719,0.949],[-0.949,1.72],[-1.72,-0.95]],"v":[[0,-1.72],[1.719,0],[0,1.72],[-1.72,0]],"c":true},"ix":2},"nm":"Path 1","mn":"ADBE Vector Shape - Group","hd":false,"_render":true},{"ty":"fl","c":{"a":0,"k":[1,1,1,1],"ix":4},"o":{"a":0,"k":100,"ix":5},"r":1,"bm":0,"nm":"Fill 1","mn":"ADBE Vector Graphic - Fill","hd":false,"_render":true},{"ty":"tr","p":{"a":0,"k":[626.841,330.883],"ix":2},"a":{"a":0,"k":[0,0],"ix":1},"s":{"a":0,"k":[100,100],"ix":3},"r":{"a":0,"k":0,"ix":6},"o":{"a":0,"k":100,"ix":7},"sk":{"a":0,"k":0,"ix":4},"sa":{"a":0,"k":0,"ix":5},"nm":"Transform","_render":true}],"nm":"Group 7","np":4,"cix":2,"bm":0,"ix":8,"mn":"ADBE Vector Group","hd":false,"_render":true},{"ty":"gr","it":[{"ind":0,"ty":"sh","ix":1,"ks":{"a":0,"k":{"i":[[-0.95,-1.719],[1.719,-0.949],[0.949,1.719],[-1.72,0.95]],"o":[[0.949,-1.719],[1.719,0.95],[-0.95,1.719],[-1.72,-0.949]],"v":[[0,-1.719],[1.719,0],[0,1.719],[-1.72,0]],"c":true},"ix":2},"nm":"Path 1","mn":"ADBE Vector Shape - Group","hd":false,"_render":true},{"ty":"fl","c":{"a":0,"k":[1,1,1,1],"ix":4},"o":{"a":0,"k":100,"ix":5},"r":1,"bm":0,"nm":"Fill 1","mn":"ADBE Vector Graphic - Fill","hd":false,"_render":true},{"ty":"tr","p":{"a":0,"k":[629.701,270.213],"ix":2},"a":{"a":0,"k":[0,0],"ix":1},"s":{"a":0,"k":[100,100],"ix":3},"r":{"a":0,"k":0,"ix":6},"o":{"a":0,"k":100,"ix":7},"sk":{"a":0,"k":0,"ix":4},"sa":{"a":0,"k":0,"ix":5},"nm":"Transform","_render":true}],"nm":"Group 8","np":4,"cix":2,"bm":0,"ix":9,"mn":"ADBE Vector Group","hd":false,"_render":true},{"ty":"gr","it":[{"ind":0,"ty":"sh","ix":1,"ks":{"a":0,"k":{"i":[[-0.949,-1.719],[1.72,-0.949],[0.949,1.719],[-1.72,0.95]],"o":[[0.949,-1.719],[1.72,0.95],[-0.949,1.719],[-1.72,-0.949]],"v":[[0,-1.719],[1.72,0],[0,1.719],[-1.72,0]],"c":true},"ix":2},"nm":"Path 1","mn":"ADBE Vector Shape - Group","hd":false,"_render":true},{"ty":"fl","c":{"a":0,"k":[1,1,1,1],"ix":4},"o":{"a":0,"k":100,"ix":5},"r":1,"bm":0,"nm":"Fill 1","mn":"ADBE Vector Graphic - Fill","hd":false,"_render":true},{"ty":"tr","p":{"a":0,"k":[633.14,211.842],"ix":2},"a":{"a":0,"k":[0,0],"ix":1},"s":{"a":0,"k":[100,100],"ix":3},"r":{"a":0,"k":0,"ix":6},"o":{"a":0,"k":100,"ix":7},"sk":{"a":0,"k":0,"ix":4},"sa":{"a":0,"k":0,"ix":5},"nm":"Transform","_render":true}],"nm":"Group 9","np":4,"cix":2,"bm":0,"ix":10,"mn":"ADBE Vector Group","hd":false,"_render":true},{"ty":"gr","it":[{"ind":0,"ty":"sh","ix":1,"ks":{"a":0,"k":{"i":[[24.326,-9.163],[16.808,-1.204],[14.596,1.145],[-5.431,19.462],[-24.326,-16.601],[-0.47199999999999953,-15.115000000000002],[7.756,-18.561]],"o":[[24.326,-9.163],[16.808,-1.204],[14.596,1.145],[-15.747,18.304],[-7.789,-12.92],[6.048,-17.76],[9.413,-19.461]],"v":[[24.326,-9.163],[16.808,-1.204],[14.596,1.145],[-10.589,18.883],[-14.045,-14.311],[4.298,-17.059],[9.413,-19.461]],"c":true},"ix":2},"nm":"Path 1","mn":"ADBE Vector Shape - Group","hd":false,"_render":true},{"ty":"fl","c":{"a":0,"k":[0.9928,0.8198,0.7672,1],"ix":4},"o":{"a":0,"k":100,"ix":5},"r":1,"bm":0,"nm":"Fill 1","mn":"ADBE Vector Graphic - Fill","hd":false,"_render":true},{"ty":"tr","p":{"a":0,"k":[690.677,342.335],"ix":2},"a":{"a":0,"k":[0,0],"ix":1},"s":{"a":0,"k":[100,100],"ix":3},"r":{"a":0,"k":0,"ix":6},"o":{"a":0,"k":100,"ix":7},"sk":{"a":0,"k":0,"ix":4},"sa":{"a":0,"k":0,"ix":5},"nm":"Transform","_render":true}],"nm":"Group 12","np":4,"cix":2,"bm":0,"ix":11,"mn":"ADBE Vector Group","hd":false,"_render":true},{"ty":"gr","it":[{"ind":0,"ty":"sh","ix":1,"ks":{"a":0,"k":{"i":[[117.318,-5.257],[35.507,48.518],[11.47,39.93],[58.377,-5.275],[60.104,-12.143],[34.34,-29.89],[8.585,25.622],[-3.434,101.705],[-29.734,110.907],[-29.794,110.907],[-37.769,113.698],[-41.113,105.473],[-45.208,95.381],[-45.208,113.698],[-103.588,117.707],[-104.729,48.457],[-115.598,-88.322],[-71.82,-110.354],[-63.257,-91.666],[-49.37,-88.123],[-43.684000000000005,-89.319],[-22.554,-117.706],[-2.812000000000001,-105.524],[27.278,-97.928],[35.80800000000001,-89.117],[97.351,-29.285]],"o":[[68.131,21.076999999999998],[35.507,48.518],[24.067,17.051000000000002],[58.377,-5.275],[45.208999999999996,-20.161],[34.34,-29.89],[18.883,100.029],[-3.434,101.705],[-29.734,110.907],[-29.794,110.907],[-37.769,113.698],[-41.113,105.473],[-45.208,95.381],[-45.208,113.698],[-117.318,98.82],[-111.58900000000001,9.543],[-115.598,-88.322],[-71.82,-110.354],[-50.725,-88.252],[-45.803,-88.49900000000001],[-31.263,-97.662],[-22.554,-117.706],[22.116999999999997,-100.70500000000001],[33.355,-91.631],[45.84,-79.077],[97.351,-29.285]],"v":[[92.737,7.91],[35.507,48.518],[17.768,28.491],[58.377,-5.275],[52.657,-16.152],[34.34,-29.89],[13.734,62.826],[-3.434,101.705],[-29.734,110.907],[-29.794,110.907],[-37.769,113.698],[-41.113,105.473],[-45.208,95.381],[-45.208,113.698],[-117.318,98.82],[-108.159,29],[-115.598,-88.322],[-71.82,-110.354],[-52.025,-88.615],[-48.025,-88.236],[-41.865,-90.62],[-22.554,-117.706],[16.49,-101.766],[31.264,-93.817],[38.401,-86.516],[97.351,-29.285]],"c":true},"ix":2},"nm":"Path 1","mn":"ADBE Vector Shape - Group","hd":false,"_render":true},{"ty":"fl","c":{"a":0,"k":[0.8196,0.7589,0.7404,1],"ix":4},"o":{"a":0,"k":100,"ix":5},"r":1,"bm":0,"nm":"Fill 1","mn":"ADBE Vector Graphic - Fill","hd":false,"_render":true},{"ty":"tr","p":{"a":0,"k":[678.901,294.358],"ix":2},"a":{"a":0,"k":[0,0],"ix":1},"s":{"a":0,"k":[100,100],"ix":3},"r":{"a":0,"k":0,"ix":6},"o":{"a":0,"k":100,"ix":7},"sk":{"a":0,"k":0,"ix":4},"sa":{"a":0,"k":0,"ix":5},"nm":"Transform","_render":true}],"nm":"Group 13","np":4,"cix":2,"bm":0,"ix":12,"mn":"ADBE Vector Group","hd":false,"_render":true},{"ty":"gr","it":[{"ind":0,"ty":"sh","ix":1,"ks":{"a":0,"k":{"i":[[61.089000000000006,-11.094],[53.92,2.2710000000000004],[22.831,12.199],[22.77,12.199],[14.796,14.99],[11.453,6.765],[7.357,-3.326],[7.357,14.99],[-42.893,18.447],[-59.032,-10.765],[57.149,-14.774000000000001]],"o":[[58.229,-0.31499999999999995],[49.132,2.998],[22.831,12.199],[22.77,12.199],[14.796,14.99],[11.453,6.765],[7.357,-3.326],[7.357,14.99],[-61.123,3.854],[-59.032,-10.765],[60.727000000000004,-15.457]],"v":[[61.124,-4.199],[49.132,2.998],[22.831,12.199],[22.77,12.199],[14.796,14.99],[11.453,6.765],[7.357,-3.326],[7.357,14.99],[-61.123,3.854],[-59.032,-10.765],[60.009,-15.345]],"c":true},"ix":2},"nm":"Path 1","mn":"ADBE Vector Shape - Group","hd":false,"_render":true},{"ty":"fl","c":{"a":0,"k":[0.2627,0.102,0,1],"ix":4},"o":{"a":0,"k":10,"ix":5},"r":1,"bm":0,"nm":"Fill 1","mn":"ADBE Vector Graphic - Fill","hd":false,"_render":true},{"ty":"tr","p":{"a":0,"k":[626.353,394.845],"ix":2},"a":{"a":0,"k":[0,0],"ix":1},"s":{"a":0,"k":[100,100],"ix":3},"r":{"a":0,"k":0,"ix":6},"o":{"a":0,"k":100,"ix":7},"sk":{"a":0,"k":0,"ix":4},"sa":{"a":0,"k":0,"ix":5},"nm":"Transform","_render":true}],"nm":"Group 15","np":4,"cix":2,"bm":0,"ix":13,"mn":"ADBE Vector Group","hd":false,"_render":true},{"ty":"gr","it":[{"ind":0,"ty":"sh","ix":1,"ks":{"a":0,"k":{"i":[[33.769,0.579],[29.76,40.064],[-33.769999999999996,53.801],[-23.445,9.565000000000001],[-24.646,-4.147],[-26.053,-13.163],[22.346999999999998,-53.801],[19.807,-19.039],[22.888,-8.84]],"o":[[33.769,0.579],[29.76,40.064],[-23.653,20.909],[-24.395,-1.883],[-25.396,-9.684],[-26.901,-16.597],[19.5,-23.855999999999998],[21.659,-11.536],[28.62,-0.7080000000000002]],"v":[[33.769,0.579],[29.76,40.064],[-26.901,31.475],[-24.197,0.553],[-24.931,-6.177],[-26.901,-16.597],[20.031,-28.615],[20.938,-14.385],[24.567,-6.428]],"c":true},"ix":2},"nm":"Path 1","mn":"ADBE Vector Shape - Group","hd":false,"_render":true},{"ty":"fl","c":{"a":0,"k":[0.9928,0.8198,0.7672,1],"ix":4},"o":{"a":0,"k":100,"ix":5},"r":1,"bm":0,"nm":"Fill 1","mn":"ADBE Vector Graphic - Fill","hd":false,"_render":true},{"ty":"tr","p":{"a":0,"k":[631.416,182.647],"ix":2},"a":{"a":0,"k":[0,0],"ix":1},"s":{"a":0,"k":[100,100],"ix":3},"r":{"a":0,"k":0,"ix":6},"o":{"a":0,"k":100,"ix":7},"sk":{"a":0,"k":0,"ix":4},"sa":{"a":0,"k":0,"ix":5},"nm":"Transform","_render":true}],"nm":"Group 16","np":4,"cix":2,"bm":0,"ix":14,"mn":"ADBE Vector Group","hd":false,"_render":true},{"ty":"gr","it":[{"ind":0,"ty":"sh","ix":1,"ks":{"a":0,"k":{"i":[[8.358,-6.92],[3.173000000000001,-41.255],[15.892000000000001,-113.234],[15.374,-145.00300000000001],[12.168000000000001,-144.684],[9.447,-139.405],[6.889,-70.319],[2.068,-6.911],[-0.22199999999999953,15.985],[-3.652,108.657],[-4.222,130.404],[-13.607999999999999,143.814],[-6.416,144.28],[2.638,108.657],[15.225999999999999,35.399]],"o":[[8.358,-6.92],[13.248000000000001,-70.328],[15.771,-140.684],[14.302000000000001,-144.814],[9.205,-143.345],[9.611,-113.226],[-3.0810000000000004,-41.289],[2.068,-6.911],[8.937000000000001,35.442],[-3.652,108.657],[-11.694,142.556],[-10.873999999999999,144.885],[2.0680000000000005,130.404],[2.638,108.657],[6.0680000000000005,16.028]],"v":[[8.358,-6.92],[8.928,-57.896],[15.771,-133.772],[14.656,-144.882],[8.72,-144.52],[9.481,-133.763],[2.638,-57.887],[2.068,-6.911],[4.357,25.714],[-3.652,108.657],[-10.521,140.703],[-15.774,144.159],[-4.231,140.703],[2.638,108.657],[10.647,25.714]],"c":true},"ix":2},"nm":"Path 1","mn":"ADBE Vector Shape - Group","hd":false,"_render":true},{"ty":"fl","c":{"a":0,"k":[0.2627,0.102,0,1],"ix":4},"o":{"a":0,"k":10,"ix":5},"r":1,"bm":0,"nm":"Fill 1","mn":"ADBE Vector Graphic - Fill","hd":false,"_render":true},{"ty":"tr","p":{"a":0,"k":[671.706,524.374],"ix":2},"a":{"a":0,"k":[0,0],"ix":1},"s":{"a":0,"k":[100,100],"ix":3},"r":{"a":0,"k":0,"ix":6},"o":{"a":0,"k":100,"ix":7},"sk":{"a":0,"k":0,"ix":4},"sa":{"a":0,"k":0,"ix":5},"nm":"Transform","_render":true}],"nm":"Group 17","np":4,"cix":2,"bm":0,"ix":15,"mn":"ADBE Vector Group","hd":false,"_render":true},{"ty":"gr","it":[{"ind":0,"ty":"sh","ix":1,"ks":{"a":0,"k":{"i":[[35.692,-112.563],[10.506,-37.584],[-11.241,7.049],[-22.119,75.158],[-16.934,95.18499999999999],[-34.357,112.023],[-25.962999999999997,112.10199999999999],[-15.829,75.158],[4.778,33.954],[-7.2410000000000005,-15.847000000000001],[31.009,-81.243]],"o":[[35.692,-112.563],[-13.530000000000001,-15.847000000000001],[-1.5120000000000005,33.945],[-22.119,75.158],[-30.596,110.17599999999999],[-32.348,113.018],[-10.669999999999998,95.18499999999999],[-15.829,75.158],[-4.951,7.049],[14.014,-35.071],[36.876,-108.321]],"v":[[35.692,-112.563],[-1.512,-26.716],[-11.241,7.049],[-22.119,75.158],[-27.838,107.204],[-38.396,112.387],[-21.548,107.204],[-15.829,75.158],[-4.951,7.049],[4.778,-26.716],[38.396,-102.204]],"c":true},"ix":2},"nm":"Path 1","mn":"ADBE Vector Shape - Group","hd":false,"_render":true},{"ty":"fl","c":{"a":0,"k":[0.2627,0.102,0,1],"ix":4},"o":{"a":0,"k":10,"ix":5},"r":1,"bm":0,"nm":"Fill 1","mn":"ADBE Vector Graphic - Fill","hd":false,"_render":true},{"ty":"tr","p":{"a":0,"k":[583.14,559.049],"ix":2},"a":{"a":0,"k":[0,0],"ix":1},"s":{"a":0,"k":[100,100],"ix":3},"r":{"a":0,"k":0,"ix":6},"o":{"a":0,"k":100,"ix":7},"sk":{"a":0,"k":0,"ix":4},"sa":{"a":0,"k":0,"ix":5},"nm":"Transform","_render":true}],"nm":"Group 18","np":4,"cix":2,"bm":0,"ix":16,"mn":"ADBE Vector Group","hd":false,"_render":true},{"ty":"gr","it":[{"ind":0,"ty":"sh","ix":1,"ks":{"a":0,"k":{"i":[[70.01400000000001,11.564],[66.583,104.236],[66.013,125.983],[28.239,132.273],[37.969,91.665],[36.82,25.268],[24.801000000000002,-19.375],[17.362,-82.369],[-7.822999999999999,-7.3919999999999995],[-29.57,37.242],[-40.448,105.351],[-35.263999999999996,125.37799999999999],[-79.932,137.397],[-72.469,101.99],[-67.284,26.442],[-64.42399999999999,5.265999999999998],[-44.932,-112.635],[-42.445,-130.071],[-40.352,-144.689],[75.827,-148.698],[79.768,-145.04299999999998],[77.21000000000001,-74.715],[72.39,-11.306]],"o":[[79.172,31.022],[66.583,104.236],[53.415,146.58100000000002],[28.239,132.273],[29.950000000000003,69.858],[36.82,25.268],[28.239,-43.412],[17.362,-82.369],[-31.858999999999998,14.347],[-19.842,64.139],[-40.448,105.351],[-57.071999999999996,149.415],[-79.932,137.397],[-72.469,101.99],[-67.284,26.442],[-59.775,-70.28200000000001],[-44.932,-112.635],[-42.445,-130.071],[-40.352,-144.689],[79.404,-149.415],[79.932,-117.61999999999999],[67.239,-45.685],[72.39,-11.306]],"v":[[74.593,21.293],[66.583,104.236],[59.714,136.282],[28.239,132.273],[33.959,80.762],[36.82,25.268],[26.521,-31.394],[17.362,-82.369],[-19.842,3.478],[-29.57,37.242],[-40.448,105.351],[-46.169,137.397],[-79.932,137.397],[-72.469,101.99],[-67.284,26.442],[-62.099,-32.508],[-44.932,-112.635],[-42.445,-130.071],[-40.352,-144.689],[78.688,-149.269],[79.802,-138.158],[72.959,-62.281],[72.39,-11.306]],"c":true},"ix":2},"nm":"Path 1","mn":"ADBE Vector Shape - Group","hd":false,"_render":true},{"ty":"fl","c":{"a":0,"k":[0.808,0.4891,0.392,1],"ix":4},"o":{"a":0,"k":100,"ix":5},"r":1,"bm":0,"nm":"Fill 1","mn":"ADBE Vector Graphic - Fill","hd":false,"_render":true},{"ty":"tr","p":{"a":0,"k":[607.76,528.786],"ix":2},"a":{"a":0,"k":[0,0],"ix":1},"s":{"a":0,"k":[100,100],"ix":3},"r":{"a":0,"k":0,"ix":6},"o":{"a":0,"k":100,"ix":7},"sk":{"a":0,"k":0,"ix":4},"sa":{"a":0,"k":0,"ix":5},"nm":"Transform","_render":true}],"nm":"Group 19","np":4,"cix":2,"bm":0,"ix":17,"mn":"ADBE Vector Group","hd":false,"_render":true},{"ty":"gr","it":[{"ind":0,"ty":"sh","ix":1,"ks":{"a":0,"k":{"i":[[15.834,-8.776],[12.23,3.5769999999999995],[-8.263,2.223],[-12.799,-5.881]],"o":[[12.395000000000001,1.362],[4.9910000000000005,8.357],[-12.927999999999999,-3.678],[-12.799,-5.881]],"v":[[12.957,-0.766],[12.474,5.765],[-13.161,-0.283],[-12.799,-5.881]],"c":true},"ix":2},"nm":"Path 1","mn":"ADBE Vector Shape - Group","hd":false,"_render":true},{"ty":"fl","c":{"a":0,"k":[0.2627,0.102,0,1],"ix":4},"o":{"a":0,"k":10,"ix":5},"r":1,"bm":0,"nm":"Fill 1","mn":"ADBE Vector Graphic - Fill","hd":false,"_render":true},{"ty":"tr","p":{"a":0,"k":[651.07,663.589],"ix":2},"a":{"a":0,"k":[0,0],"ix":1},"s":{"a":0,"k":[100,100],"ix":3},"r":{"a":0,"k":0,"ix":6},"o":{"a":0,"k":100,"ix":7},"sk":{"a":0,"k":0,"ix":4},"sa":{"a":0,"k":0,"ix":5},"nm":"Transform","_render":true}],"nm":"Group 20","np":4,"cix":2,"bm":0,"ix":18,"mn":"ADBE Vector Group","hd":false,"_render":true},{"ty":"gr","it":[{"ind":0,"ty":"sh","ix":1,"ks":{"a":0,"k":{"i":[[16.559,-1.992],[16.628,2.224],[-17.137,2.224],[-16.627,-0.213],[-11.987,-5.785],[9.189,-9.794]],"o":[[17.138,1.637],[5.75,14.242],[-17.137,2.224],[-13.585999999999999,-3.668],[-11.987,-5.785],[15.66,-4.792]],"v":[[17.138,1.637],[16.628,2.224],[-17.137,2.224],[-16.627,-0.213],[-11.987,-5.785],[14.338,-5.785]],"c":true},"ix":2},"nm":"Path 1","mn":"ADBE Vector Shape - Group","hd":false,"_render":true},{"ty":"fl","c":{"a":0,"k":[0.2627,0.102,0,1],"ix":4},"o":{"a":0,"k":10,"ix":5},"r":1,"bm":0,"nm":"Fill 1","mn":"ADBE Vector Graphic - Fill","hd":false,"_render":true},{"ty":"tr","p":{"a":0,"k":[544.939,665.185],"ix":2},"a":{"a":0,"k":[0,0],"ix":1},"s":{"a":0,"k":[100,100],"ix":3},"r":{"a":0,"k":0,"ix":6},"o":{"a":0,"k":100,"ix":7},"sk":{"a":0,"k":0,"ix":4},"sa":{"a":0,"k":0,"ix":5},"nm":"Transform","_render":true}],"nm":"Group 21","np":4,"cix":2,"bm":0,"ix":19,"mn":"ADBE Vector Group","hd":false,"_render":true},{"ty":"gr","it":[{"ind":0,"ty":"sh","ix":1,"ks":{"a":0,"k":{"i":[[19.173,16.312],[18.603,27.761],[-19.173,20.311999999999998],[-13.866999999999999,-12.639999999999999],[-12.883,-27.182],[15.734,-30.041],[12.148,-17.655]],"o":[[19.173,16.312],[-18.031,30.042],[-15.223999999999998,4.527],[-13.013,-24.977999999999998],[-12.883,-27.182],[12.311,-19.868],[13.133,-3.6899999999999995]],"v":[[19.173,16.312],[0.285,28.901],[-16.883,11.163],[-13.245,-21.583],[-12.883,-27.182],[12.874,-21.997],[12.391,-15.466]],"c":true},"ix":2},"nm":"Path 1","mn":"ADBE Vector Shape - Group","hd":false,"_render":true},{"ty":"fl","c":{"a":0,"k":[0.975,0.86,0.825,1],"ix":4},"o":{"a":0,"k":100,"ix":5},"r":1,"bm":0,"nm":"Fill 1","mn":"ADBE Vector Graphic - Fill","hd":false,"_render":true},{"ty":"tr","p":{"a":0,"k":[651.162,684.854],"ix":2},"a":{"a":0,"k":[0,0],"ix":1},"s":{"a":0,"k":[100,100],"ix":3},"r":{"a":0,"k":0,"ix":6},"o":{"a":0,"k":100,"ix":7},"sk":{"a":0,"k":0,"ix":4},"sa":{"a":0,"k":0,"ix":5},"nm":"Transform","_render":true}],"nm":"Group 22","np":4,"cix":2,"bm":0,"ix":20,"mn":"ADBE Vector Group","hd":false,"_render":true},{"ty":"gr","it":[{"ind":0,"ty":"sh","ix":1,"ks":{"a":0,"k":{"i":[[42.17,8.842999999999998],[-37.689,25.829],[-41.134,14.148],[-8.753,-8.139],[7.826,-27.212],[29.002000000000002,-31.221],[36.338,-23.41],[38.161,9.422]],"o":[[-28.66,31.220999999999997],[-42.169000000000004,17.747],[-22.748999999999995,3.391],[6.226,-25.095],[7.826,-27.212],[35.438,-26.21],[38.801,-8.911999999999999],[38.161,9.422]],"v":[[-1.324,22.58],[-40.618,20.637],[-38.285,12.523],[3.185,-21.639],[7.826,-27.212],[34.151,-27.212],[36.951,-19.781],[38.161,9.422]],"c":true},"ix":2},"nm":"Path 1","mn":"ADBE Vector Shape - Group","hd":false,"_render":true},{"ty":"fl","c":{"a":0,"k":[0.975,0.86,0.825,1],"ix":4},"o":{"a":0,"k":100,"ix":5},"r":1,"bm":0,"nm":"Fill 1","mn":"ADBE Vector Graphic - Fill","hd":false,"_render":true},{"ty":"tr","p":{"a":0,"k":[525.151,686.604],"ix":2},"a":{"a":0,"k":[0,0],"ix":1},"s":{"a":0,"k":[100,100],"ix":3},"r":{"a":0,"k":0,"ix":6},"o":{"a":0,"k":100,"ix":7},"sk":{"a":0,"k":0,"ix":4},"sa":{"a":0,"k":0,"ix":5},"nm":"Transform","_render":true}],"nm":"Group 23","np":4,"cix":2,"bm":0,"ix":21,"mn":"ADBE Vector Group","hd":false,"_render":true}],"ip":0,"op":150,"st":0,"bm":0,"completed":true},{"ddd":0,"ind":6,"ty":4,"nm":"Lager 1 Outlines","sr":1,"ks":{"o":{"a":0,"k":100,"ix":11},"r":{"a":0,"k":0,"ix":10},"p":{"a":0,"k":[548.665,405.31,0],"ix":2},"a":{"a":0,"k":[548.665,405.31,0],"ix":1},"s":{"a":0,"k":[100,100,100],"ix":6}},"ao":0,"shapes":[{"ty":"gr","it":[{"ind":0,"ty":"sh","ix":1,"ks":{"a":0,"k":{"i":[[-33.338,10.408],[-22.238,-10.408],[33.339,9.049]],"o":[[-33.338,10.408],[25.669,-10.408],[33.339,9.049]],"v":[[-33.338,10.408],[1.716,-10.408],[33.339,9.049]],"c":false},"ix":2},"nm":"Path 1","mn":"ADBE Vector Shape - Group","hd":false,"_render":true},{"ty":"st","c":{"a":0,"k":[0.851,0.149,0,1],"ix":3},"o":{"a":0,"k":100,"ix":4},"w":{"a":0,"k":3,"ix":5},"lc":1,"lj":1,"ml":10,"bm":0,"nm":"Stroke 1","mn":"ADBE Vector Graphic - Stroke","hd":false,"_render":true},{"ty":"tr","p":{"a":0,"k":[511.6,659.572],"ix":2},"a":{"a":0,"k":[0,0],"ix":1},"s":{"a":0,"k":[100,100],"ix":3},"r":{"a":0,"k":0,"ix":6},"o":{"a":0,"k":100,"ix":7},"sk":{"a":0,"k":0,"ix":4},"sa":{"a":0,"k":0,"ix":5},"nm":"Transform","_render":true}],"nm":"Group 1","np":2,"cix":2,"bm":0,"ix":1,"mn":"ADBE Vector Group","hd":false,"_render":true},{"ty":"gr","it":[{"ind":0,"ty":"sh","ix":1,"ks":{"a":0,"k":{"i":[[5.79,3.198],[3.198,-5.79],[-5.79,-3.197],[-3.197,5.79]],"o":[[5.79,-3.197],[-3.197,-5.79],[-5.79,3.198],[3.198,5.79]],"v":[[5.79,0],[0,-5.79],[-5.79,0],[0,5.79]],"c":true},"ix":2},"nm":"Path 1","mn":"ADBE Vector Shape - Group","hd":false,"_render":true},{"ty":"fl","c":{"a":0,"k":[0.851,0.149,0,1],"ix":4},"o":{"a":0,"k":100,"ix":5},"r":1,"bm":0,"nm":"Fill 1","mn":"ADBE Vector Graphic - Fill","hd":false,"_render":true},{"ty":"tr","p":{"a":0,"k":[561.172,621.411],"ix":2},"a":{"a":0,"k":[0,0],"ix":1},"s":{"a":0,"k":[100,100],"ix":3},"r":{"a":0,"k":0,"ix":6},"o":{"a":0,"k":100,"ix":7},"sk":{"a":0,"k":0,"ix":4},"sa":{"a":0,"k":0,"ix":5},"nm":"Transform","_render":true}],"nm":"Group 2","np":4,"cix":2,"bm":0,"ix":2,"mn":"ADBE Vector Group","hd":false,"_render":true},{"ty":"gr","it":[{"ind":0,"ty":"sh","ix":1,"ks":{"a":0,"k":{"i":[[5.79,3.198],[3.198,-5.79],[-5.79,-3.197],[-3.198,5.79]],"o":[[5.79,-3.197],[-3.198,-5.79],[-5.79,3.198],[3.198,5.79]],"v":[[5.79,0],[0,-5.79],[-5.79,0],[0,5.79]],"c":true},"ix":2},"nm":"Path 1","mn":"ADBE Vector Shape - Group","hd":false,"_render":true},{"ty":"fl","c":{"a":0,"k":[0.851,0.149,0,1],"ix":4},"o":{"a":0,"k":100,"ix":5},"r":1,"bm":0,"nm":"Fill 1","mn":"ADBE Vector Graphic - Fill","hd":false,"_render":true},{"ty":"tr","p":{"a":0,"k":[464.554,621.411],"ix":2},"a":{"a":0,"k":[0,0],"ix":1},"s":{"a":1,"k":[{"i":{"x":[0.833,0.833],"y":[0.833,0.833]},"o":{"x":[0.167,0.167],"y":[0.167,0.167]},"t":16,"s":[100,100]},{"i":{"x":[0.833,0.833],"y":[0.833,0.833]},"o":{"x":[0.167,0.167],"y":[0.167,0.167]},"t":18,"s":[100,0]},{"t":20,"s":[100,100]}],"ix":3},"r":{"a":0,"k":0,"ix":6},"o":{"a":0,"k":100,"ix":7},"sk":{"a":0,"k":0,"ix":4},"sa":{"a":0,"k":0,"ix":5},"nm":"Transform","_render":true}],"nm":"Group 3","np":4,"cix":2,"bm":0,"ix":3,"mn":"ADBE Vector Group","hd":false,"_render":true},{"ty":"gr","it":[{"ind":0,"ty":"sh","ix":1,"ks":{"a":1,"k":[{"i":{"x":0.667,"y":1},"o":{"x":0.333,"y":0},"t":0,"s":[{"i":[[126.379,18.296],[-144.079,18.296],[-126.378,-18.295],[144.079,-18.295]],"o":[[126.379,18.296],[-144.079,18.296],[-126.378,-18.295],[144.079,-18.295]],"v":[[126.379,18.296],[-144.079,18.296],[-126.378,-18.295],[144.079,-18.295]],"c":true}]},{"i":{"x":0.667,"y":1},"o":{"x":0.333,"y":0},"t":28,"s":[{"i":[[126.379,18.296],[-144.079,18.296],[-126.128,-12.545],[144.079,-10.795]],"o":[[126.379,18.296],[-144.079,18.296],[-126.128,-12.545],[144.079,-10.795]],"v":[[126.379,18.296],[-144.079,18.296],[-126.128,-12.545],[144.079,-10.795]],"c":true}]},{"t":61,"s":[{"i":[[126.379,18.296],[-144.079,18.296],[-126.378,-18.295],[144.079,-18.295]],"o":[[126.379,18.296],[-144.079,18.296],[-126.378,-18.295],[144.079,-18.295]],"v":[[126.379,18.296],[-144.079,18.296],[-126.378,-18.295],[144.079,-18.295]],"c":true}]}],"ix":2},"nm":"Path 1","mn":"ADBE Vector Shape - Group","hd":false,"_render":true},{"ty":"fl","c":{"a":0,"k":[0.851,0.149,0,1],"ix":4},"o":{"a":0,"k":100,"ix":5},"r":1,"bm":0,"nm":"Fill 1","mn":"ADBE Vector Graphic - Fill","hd":false,"_render":true},{"ty":"tr","p":{"a":0,"k":[568.177,466.991],"ix":2},"a":{"a":0,"k":[0,0],"ix":1},"s":{"a":0,"k":[100,100],"ix":3},"r":{"a":0,"k":0,"ix":6},"o":{"a":0,"k":100,"ix":7},"sk":{"a":0,"k":0,"ix":4},"sa":{"a":0,"k":0,"ix":5},"nm":"Transform","_render":true}],"nm":"Group 4","np":4,"cix":2,"bm":0,"ix":4,"mn":"ADBE Vector Group","hd":false,"_render":true},{"ty":"gr","it":[{"ind":0,"ty":"sh","ix":1,"ks":{"a":0,"k":{"i":[[2.295,14.071],[-46.85,29.061],[-3.227,-14.318],[46.85,-29.061]],"o":[[2.295,14.071],[-46.85,29.061],[-3.227,-14.318],[46.85,-29.061]],"v":[[2.295,14.071],[-46.85,29.061],[-3.227,-14.318],[46.85,-29.061]],"c":true},"ix":2},"nm":"Path 1","mn":"ADBE Vector Shape - Group","hd":false,"_render":true},{"ty":"fl","c":{"a":0,"k":[0.851,0.149,0,1],"ix":4},"o":{"a":0,"k":100,"ix":5},"r":1,"bm":0,"nm":"Fill 1","mn":"ADBE Vector Graphic - Fill","hd":false,"_render":true},{"ty":"tr","p":{"a":0,"k":[379.247,513.917],"ix":2},"a":{"a":0,"k":[0,0],"ix":1},"s":{"a":0,"k":[100,100],"ix":3},"r":{"a":0,"k":0,"ix":6},"o":{"a":0,"k":100,"ix":7},"sk":{"a":0,"k":0,"ix":4},"sa":{"a":0,"k":0,"ix":5},"nm":"Transform","_render":true}],"nm":"Group 5","np":4,"cix":2,"bm":0,"ix":5,"mn":"ADBE Vector Group","hd":false,"_render":true},{"ty":"gr","it":[{"ind":0,"ty":"sh","ix":1,"ks":{"a":0,"k":{"i":[[114.983,-21.566],[-112.7,-21.566],[-157.255,21.566],[113.203,21.566],[157.255,-21.136]],"o":[[114.983,-21.566],[-112.7,-21.566],[-157.255,21.566],[113.203,21.566],[157.255,-21.136]],"v":[[114.983,-21.566],[-112.7,-21.566],[-157.255,21.566],[113.203,21.566],[157.255,-21.136]],"c":true},"ix":2},"nm":"Path 1","mn":"ADBE Vector Shape - Group","hd":false,"_render":true},{"ty":"fl","c":{"a":0,"k":[0.4368,0.3791,0.3432,1],"ix":4},"o":{"a":0,"k":100,"ix":5},"r":1,"bm":0,"nm":"Fill 1","mn":"ADBE Vector Graphic - Fill","hd":false,"_render":true},{"ty":"tr","p":{"a":0,"k":[538.798,506.423],"ix":2},"a":{"a":0,"k":[0,0],"ix":1},"s":{"a":0,"k":[100,100],"ix":3},"r":{"a":0,"k":0,"ix":6},"o":{"a":0,"k":100,"ix":7},"sk":{"a":0,"k":0,"ix":4},"sa":{"a":0,"k":0,"ix":5},"nm":"Transform","_render":true}],"nm":"Group 6","np":4,"cix":2,"bm":0,"ix":6,"mn":"ADBE Vector Group","hd":false,"_render":true},{"ty":"gr","it":[{"ind":0,"ty":"sh","ix":1,"ks":{"a":0,"k":{"i":[[-27.932,-14.991],[-12.379,57.693],[27.932,5.988],[16.121,-57.693]],"o":[[-27.932,-14.991],[-12.379,57.693],[27.932,5.988],[16.121,-57.693]],"v":[[-27.932,-14.991],[-12.379,57.693],[27.932,5.988],[16.121,-57.693]],"c":false},"ix":2},"nm":"Path 1","mn":"ADBE Vector Shape - Group","hd":false,"_render":true},{"ty":"fl","c":{"a":0,"k":[0.851,0.149,0,1],"ix":4},"o":{"a":0,"k":100,"ix":5},"r":1,"bm":0,"nm":"Fill 1","mn":"ADBE Vector Graphic - Fill","hd":false,"_render":true},{"ty":"tr","p":{"a":0,"k":[679.932,542.979],"ix":2},"a":{"a":0,"k":[0,0],"ix":1},"s":{"a":0,"k":[100,100],"ix":3},"r":{"a":0,"k":0,"ix":6},"o":{"a":0,"k":100,"ix":7},"sk":{"a":0,"k":0,"ix":4},"sa":{"a":0,"k":0,"ix":5},"nm":"Transform","_render":true}],"nm":"Group 7","np":4,"cix":2,"bm":0,"ix":7,"mn":"ADBE Vector Group","hd":false,"_render":true},{"ty":"gr","it":[{"ind":0,"ty":"sh","ix":1,"ks":{"a":0,"k":{"i":[[-22.027,101.857],[22.027,57.803],[22.027,-101.857],[-22.027,-59.155]],"o":[[-22.027,101.857],[22.027,57.803],[22.027,-101.857],[-22.027,-59.155]],"v":[[-22.027,101.857],[22.027,57.803],[22.027,-101.857],[-22.027,-59.155]],"c":true},"ix":2},"nm":"Path 1","mn":"ADBE Vector Shape - Group","hd":false,"_render":true},{"ty":"fl","c":{"a":0,"k":[1,0.2353,0,1],"ix":4},"o":{"a":0,"k":100,"ix":5},"r":1,"bm":0,"nm":"Fill 1","mn":"ADBE Vector Graphic - Fill","hd":false,"_render":true},{"ty":"tr","p":{"a":0,"k":[674.027,587.143],"ix":2},"a":{"a":0,"k":[0,0],"ix":1},"s":{"a":0,"k":[100,100],"ix":3},"r":{"a":0,"k":0,"ix":6},"o":{"a":0,"k":100,"ix":7},"sk":{"a":0,"k":0,"ix":4},"sa":{"a":0,"k":0,"ix":5},"nm":"Transform","_render":true}],"nm":"Group 8","np":4,"cix":2,"bm":0,"ix":8,"mn":"ADBE Vector Group","hd":false,"_render":true},{"ty":"gr","it":[{"ind":0,"ty":"sh","ix":1,"ks":{"a":0,"k":{"i":[[126.793,29.577],[-143.665,29.577],[-126.792,-29.577],[143.665,-29.577]],"o":[[126.793,29.577],[-143.665,29.577],[-126.792,-29.577],[143.665,-29.577]],"v":[[126.793,29.577],[-143.665,29.577],[-126.792,-29.577],[143.665,-29.577]],"c":true},"ix":2},"nm":"Path 1","mn":"ADBE Vector Shape - Group","hd":false,"_render":true},{"ty":"fl","c":{"a":0,"k":[0.851,0.149,0,1],"ix":4},"o":{"a":0,"k":100,"ix":5},"r":1,"bm":0,"nm":"Fill 1","mn":"ADBE Vector Graphic - Fill","hd":false,"_render":true},{"ty":"tr","p":{"a":0,"k":[508.335,557.566],"ix":2},"a":{"a":0,"k":[0,0],"ix":1},"s":{"a":0,"k":[100,100],"ix":3},"r":{"a":0,"k":0,"ix":6},"o":{"a":0,"k":100,"ix":7},"sk":{"a":0,"k":0,"ix":4},"sa":{"a":0,"k":0,"ix":5},"nm":"Transform","_render":true}],"nm":"Group 9","np":4,"cix":2,"bm":0,"ix":9,"mn":"ADBE Vector Group","hd":false,"_render":true},{"ty":"gr","it":[{"ind":0,"ty":"sh","ix":1,"ks":{"a":0,"k":{"i":[[135,80.506],[-135,80.506],[-135,-80.506],[135,-80.506]],"o":[[135,80.506],[-135,80.506],[-135,-80.506],[135,-80.506]],"v":[[135,80.506],[-135,80.506],[-135,-80.506],[135,-80.506]],"c":true},"ix":2},"nm":"Path 1","mn":"ADBE Vector Shape - Group","hd":false,"_render":true},{"ty":"fl","c":{"a":0,"k":[0.77,0.7393,0.73,1],"ix":4},"o":{"a":0,"k":100,"ix":5},"r":1,"bm":0,"nm":"Fill 1","mn":"ADBE Vector Graphic - Fill","hd":false,"_render":true},{"ty":"tr","p":{"a":0,"k":[517,608.494],"ix":2},"a":{"a":0,"k":[0,0],"ix":1},"s":{"a":0,"k":[100,100],"ix":3},"r":{"a":0,"k":0,"ix":6},"o":{"a":0,"k":100,"ix":7},"sk":{"a":0,"k":0,"ix":4},"sa":{"a":0,"k":0,"ix":5},"nm":"Transform","_render":true}],"nm":"Group 11","np":4,"cix":2,"bm":0,"ix":10,"mn":"ADBE Vector Group","hd":false,"_render":true},{"ty":"gr","it":[{"ind":0,"ty":"sh","ix":1,"ks":{"a":0,"k":{"i":[[-131.048,-68.762],[237.283,-37.977],[131.048,68.763],[-237.283,37.976]],"o":[[131.048,-68.762],[237.283,37.976],[-131.048,68.763],[-237.283,-37.977]],"v":[[0,-68.762],[237.283,0],[0,68.763],[-237.283,0]],"c":true},"ix":2},"nm":"Path 1","mn":"ADBE Vector Shape - Group","hd":false,"_render":true},{"ty":"fl","c":{"a":0,"k":[0.856,0.8008,0.784,1],"ix":4},"o":{"a":0,"k":100,"ix":5},"r":1,"bm":0,"nm":"Fill 1","mn":"ADBE Vector Graphic - Fill","hd":false,"_render":true},{"ty":"tr","p":{"a":0,"k":[538.798,668.62],"ix":2},"a":{"a":0,"k":[0,0],"ix":1},"s":{"a":0,"k":[100,100],"ix":3},"r":{"a":0,"k":0,"ix":6},"o":{"a":0,"k":100,"ix":7},"sk":{"a":0,"k":0,"ix":4},"sa":{"a":0,"k":0,"ix":5},"nm":"Transform","_render":true}],"nm":"Group 12","np":4,"cix":2,"bm":0,"ix":11,"mn":"ADBE Vector Group","hd":false,"_render":true}],"ip":0,"op":150,"st":0,"bm":0,"completed":true}],"markers":[],"__complete":true}